DATE,PPI_Returns,Treasury_10Y_Change_BP,VIX_Change,Yield_Spread_10Y2Y_Change_BP,Credit_Spread_Change_BP
1990-03-31,-0.17482517482517723,14.000000000000057,-2.259999999999998,-7.000000000000001,-9.999999999999986
1990-04-30,0.0,38.99999999999988,-0.21000000000000085,7.000000000000001,-8.000000000000007
1990-05-31,0.3502626970227629,-43.99999999999995,-2.1499999999999986,2.0000000000000004,20.999999999999996
1990-06-30,-0.2617801047120394,-16.999999999999993,-1.870000000000001,9.0,8.000000000000007
1990-07-31,0.0,-7.000000000000028,5.609999999999999,26.0,-2.0000000000000018
1990-08-31,1.9247594050743722,50.0,8.79,34.0,-8.000000000000007
1990-09-30,0.0,-3.9999999999999147,-0.7899999999999991,1.0000000000000009,25.0
1990-10-31,3.6909871244635184,-16.999999999999993,0.9299999999999997,7.9999999999999964,18.999999999999993
1990-11-30,-0.5794701986755024,-39.00000000000006,-7.879999999999999,-15.000000000000002,14.000000000000012
1990-12-31,0.0,-17.99999999999997,4.219999999999999,20.000000000000007,8.000000000000007
1991-01-31,0.0,-5.000000000000071,-5.469999999999999,4.999999999999993,-5.000000000000027
1991-02-28,-2.4146544546211457,-0.9999999999999787,0.3200000000000003,0.0,-20.999999999999996
1991-03-31,-0.8532423208191142,3.0000000000001137,-4.350000000000001,5.000000000000004,-12.99999999999999
1991-04-30,-0.1721170395869165,-3.0000000000001137,1.3599999999999994,18.999999999999993,-12.99999999999999
1991-05-31,0.4310344827586299,4.000000000000092,-2.3099999999999987,15.999999999999993,-6.000000000000005
1991-06-30,0.0,17.99999999999997,3.620000000000001,-3.9999999999999813,-11.00000000000001
1991-07-31,-0.34334763948498104,-4.000000000000092,-4.370000000000001,4.999999999999982,-5.999999999999983
1991-08-31,0.08613264427219658,-37.9999999999999,-0.7199999999999989,7.000000000000006,14.999999999999991
1991-09-30,0.0,-35.00000000000006,1.3899999999999988,2.0000000000000018,18.999999999999993
1991-10-31,0.1721170395869276,0.0,-0.3699999999999992,29.000000000000004,8.000000000000007
1991-11-30,0.0,-8.999999999999986,4.780000000000001,23.0,4.0000000000000036
1991-12-31,0.0,-67.0,-0.9500000000000028,-6.000000000000005,33.00000000000001
1992-01-31,0.0,59.999999999999964,-1.9100000000000001,26.00000000000002,-49.00000000000002
1992-02-29,0.0,-4.0000000000000036,-0.7199999999999989,-20.000000000000018,0.0
1992-03-31,0.0,27.000000000000046,-0.5,-6.000000000000005,-19.999999999999996
1992-04-30,-0.085910652920973,7.000000000000028,-0.6500000000000004,20.999999999999996,-7.000000000000006
1992-05-31,0.7738607050730817,-28.000000000000025,-1.67,-0.9999999999999787,14.000000000000012
1992-06-30,0.682593856655278,-19.00000000000004,-0.5099999999999998,16.999999999999993,9.000000000000007
1992-07-31,-0.08474576271185752,-41.99999999999999,-0.17999999999999972,-1.000000000000023,10.999999999999988
1992-08-31,0.0,-9.999999999999964,0.41000000000000014,17.000000000000036,9.000000000000007
1992-09-30,0.08481764206953457,-25.0,0.6999999999999993,9.999999999999964,23.0
1992-10-31,0.08474576271186862,42.99999999999997,1.8699999999999992,-16.999999999999993,-10.000000000000009
1992-11-30,0.0,15.000000000000036,-3.139999999999999,-23.99999999999998,-18.999999999999993
1992-12-31,-0.42337002540220325,-25.0,-0.4399999999999995,-2.0000000000000018,6.000000000000005
1993-01-31,0.0,-31.00000000000005,-0.15000000000000036,4.999999999999982,4.999999999999982
1993-02-28,0.6802721088435382,-35.99999999999994,0.7400000000000002,-8.000000000000007,9.00000000000003
1993-03-31,0.2533783783783772,0.0,-0.6300000000000008,-4.0000000000000036,-2.0000000000000018
1993-04-30,0.5054759898904804,1.9999999999999574,-0.10999999999999943,15.000000000000036,-6.000000000000005
1993-05-31,0.0,11.000000000000032,1.0500000000000007,-30.00000000000003,-2.0000000000000018
1993-06-30,0.16764459346185756,-36.00000000000003,-2.210000000000001,-14.999999999999991,6.000000000000005
1993-07-31,-0.2510460251045954,3.000000000000025,0.47000000000000064,-7.000000000000006,-11.000000000000032
1993-08-31,0.0,-37.999999999999986,0.11999999999999922,-12.99999999999999,-13.99999999999999
1993-09-30,-0.4194630872483174,-4.999999999999982,1.1400000000000006,-6.000000000000005,9.000000000000007
1993-10-31,0.33698399326032025,2.999999999999936,-1.5299999999999994,-7.000000000000006,-4.0000000000000036
1993-11-30,-0.08396305625524292,40.000000000000036,2.299999999999999,17.000000000000014,-5.000000000000004
1993-12-31,-0.3361344537815225,0.0,-2.0999999999999996,-3.0000000000000027,3.0000000000000027
1994-01-31,0.0,-12.99999999999999,-1.0299999999999994,0.0,-8.999999999999986
1994-02-28,0.590219224283306,45.000000000000014,4.239999999999998,-10.000000000000009,-8.000000000000007
1994-03-31,0.3352891869237373,61.99999999999992,5.58,8.000000000000007,-17.999999999999993
1994-04-30,0.0,29.000000000000004,-6.68,-23.0,-11.00000000000001
1994-05-31,0.0,11.000000000000032,-0.7400000000000002,-17.000000000000014,3.0000000000000027
1994-06-30,0.6683375104427736,16.999999999999993,1.9400000000000013,-1.0000000000000009,1.0000000000000009
1994-07-31,0.16597510373443924,-21.999999999999975,-3.84,-2.0000000000000018,-3.0000000000000027
1994-08-31,0.41425020712511085,7.000000000000028,0.8399999999999999,-10.999999999999988,6.000000000000005
1994-09-30,-0.16501650165017256,42.99999999999997,2.3099999999999987,-2.0000000000000018,-5.000000000000004
1994-10-31,0.0,18.99999999999995,0.28000000000000114,-3.0000000000000027,-10.000000000000009
1994-11-30,0.4132231404958775,10.000000000000053,1.3899999999999988,-46.0,-9.999999999999986
1994-12-31,0.3292181069958877,-7.000000000000028,-2.75,-36.0,0.0
1995-01-31,0.0,-24.00000000000002,-1.2399999999999984,19.000000000000004,3.0000000000000027
1995-02-28,1.312551271534046,-37.999999999999986,-0.21000000000000085,8.999999999999996,19.999999999999996
1995-03-31,0.32388663967610754,-1.9999999999999574,1.6199999999999992,-2.9999999999999973,-4.0000000000000036
1995-04-30,0.0,-12.99999999999999,-1.6199999999999992,6.999999999999995,2.0000000000000018
1995-05-31,0.8071025020177647,-77.00000000000004,1.0999999999999996,-6.0,14.999999999999991
1995-06-30,0.32025620496396456,-8.999999999999986,-1.4699999999999989,1.0000000000000009,8.000000000000007
1995-07-31,0.0,24.00000000000002,2.1099999999999994,14.999999999999996,-2.0000000000000018
1995-08-31,-0.15961691939345712,-16.999999999999993,-1.9700000000000006,-13.999999999999996,1.0000000000000009
1995-09-30,0.07993605115907965,-11.000000000000032,1.2200000000000006,-8.999999999999996,-2.0000000000000018
1995-10-31,0.0,-13.999999999999968,1.0899999999999999,7.9999999999999964,-1.0000000000000009
1995-11-30,0.15974440894568342,-27.000000000000046,-2.25,-1.9999999999999962,11.00000000000001
1995-12-31,0.23923444976077235,-17.99999999999997,0.9399999999999995,0.0,-1.0000000000000009
1996-01-31,0.0,1.9999999999999574,0.009999999999999787,27.0,2.0000000000000018
1996-02-29,0.39777247414478634,53.00000000000003,4.51,1.9999999999999907,-4.0000000000000036
1996-03-31,0.15847860538826808,20.999999999999996,1.8399999999999999,-13.99999999999999,0.0
1996-04-30,0.7911392405063333,32.00000000000003,-3.049999999999999,7.9999999999999964,-16.999999999999993
1996-05-31,0.5494505494505475,18.99999999999995,0.2400000000000002,-5.000000000000004,-13.00000000000001
1996-06-30,0.0,-11.999999999999922,-2.3900000000000006,4.0000000000000036,3.0000000000000027
1996-07-31,-0.07806401249024209,6.99999999999994,5.780000000000001,-4.0000000000000036,-1.0000000000000009
1996-08-31,0.23437500000000888,16.000000000000014,-2.4499999999999993,4.0000000000000036,-2.0000000000000018
1996-09-30,0.0,-24.00000000000002,-0.060000000000002274,0.0,2.0000000000000018
1996-10-31,-0.23382696804366,-34.999999999999964,1.1600000000000001,-2.0000000000000018,4.0000000000000036
1996-11-30,0.15624999999999112,-31.00000000000005,-0.9699999999999989,-13.0,10.999999999999988
1996-12-31,0.0,37.000000000000014,3.780000000000001,8.000000000000007,-10.999999999999988
1997-01-31,0.0,10.000000000000053,-1.4500000000000028,3.9999999999999925,-4.0000000000000036
1997-02-28,0.0,2.999999999999936,1.6300000000000026,-12.0,-1.0000000000000009
1997-03-31,0.0,36.00000000000003,1.0399999999999991,0.0,-9.000000000000007
1997-04-30,-0.9360374414976502,-20.000000000000018,-2.080000000000002,-3.9999999999999982,10.000000000000009
1997-05-31,0.31496062992126816,-4.999999999999982,-0.8699999999999974,2.0000000000000018,1.0000000000000009
1997-06-30,0.0,-16.000000000000014,2.34,-2.0000000000000018,-1.0000000000000009
1997-07-31,-0.3924646781789609,-49.00000000000002,-0.05000000000000071,-14.999999999999996,4.0000000000000036
1997-08-31,0.23640661938533203,32.00000000000003,3.280000000000001,8.999999999999996,-10.000000000000009
1997-09-30,0.0,-21.999999999999975,-1.8500000000000014,-4.999999999999999,10.000000000000009
1997-10-31,0.4716981132075526,-28.000000000000025,12.180000000000003,-11.000000000000002,6.000000000000005
1997-11-30,0.0,2.000000000000046,-7.660000000000004,-10.999999999999998,-8.000000000000007
1997-12-31,-0.7824726134585291,-11.000000000000032,-3.419999999999998,-1.0000000000000009,1.0000000000000009
1998-01-31,0.0,-21.999999999999975,-2.5400000000000027,12.0,14.999999999999991
1998-02-28,0.0,8.999999999999986,-2.919999999999998,-13.999999999999998,-1.0000000000000009
1998-03-31,0.0,4.999999999999982,5.669999999999998,0.0,0.0
1998-04-30,-1.4984227129337446,0.9999999999999787,-3.039999999999999,1.9999999999999991,-1.0000000000000009
1998-05-31,0.16012810248198228,-12.00000000000001,0.14000000000000057,-6.0,-3.0000000000000027
1998-06-30,-0.23980815347721673,-11.999999999999922,-1.6099999999999994,-8.0,4.0000000000000036
1998-07-31,0.08012820512821595,5.999999999999961,5.09,6.000000000000001,4.0000000000000036
1998-08-31,0.0,-45.000000000000014,19.48,13.0,35.00000000000001
1998-09-30,-0.8807045636509248,-60.99999999999994,-3.3299999999999983,0.0,50.99999999999998
1998-10-31,0.1615508885298933,19.99999999999993,-12.900000000000002,38.0,8.000000000000007
1998-11-30,0.0,10.000000000000053,-2.039999999999999,-32.0,-19.99999999999997
1998-12-31,-0.9677419354838679,-8.999999999999986,-1.5899999999999999,-9.000000000000002,12.99999999999999
1999-01-31,0.0,0.9999999999999787,1.8299999999999983,-3.0,-3.000000000000025
1999-02-28,-0.4071661237785018,62.999999999999986,1.629999999999999,8.0,-30.99999999999996
1999-03-31,0.24529844644316512,-4.0000000000000036,-4.619999999999997,10.0,6.999999999999984
1999-04-30,0.815660685154973,11.000000000000032,1.8099999999999987,2.0000000000000018,-8.999999999999986
1999-05-31,0.0,27.999999999999936,0.3200000000000003,-6.000000000000003,-4.0000000000000036
1999-06-30,1.2944983818770295,16.999999999999993,-4.300000000000001,6.000000000000003,0.0
1999-07-31,0.39936102236421966,11.000000000000032,3.5500000000000007,0.9999999999999953,0.9999999999999787
1999-08-31,0.0,6.00000000000005,-0.19000000000000128,-3.9999999999999982,4.0000000000000036
1999-09-30,1.829753381066035,-8.000000000000007,0.9600000000000009,2.0000000000000018,6.999999999999984
1999-10-31,-0.23437499999999778,11.999999999999922,-3.210000000000001,-4.000000000000001,-2.0000000000000018
1999-11-30,0.469851213782313,16.000000000000014,1.9800000000000004,-6.0,-28.999999999999982
1999-12-31,-0.3897116134060852,27.000000000000046,0.46000000000000085,3.9999999999999982,-26.0
2000-01-31,0.0,22.999999999999954,0.3099999999999987,-13.999999999999998,-5.000000000000004
2000-02-29,1.5649452269170583,-25.99999999999998,-1.5799999999999983,-18.0,23.0
2000-03-31,0.7704160246533087,-38.99999999999997,0.7399999999999984,-36.0,38.99999999999999
2000-04-30,0.0,20.000000000000018,2.09,1.9999999999999962,4.0000000000000036
2000-05-31,0.6116207951070152,5.999999999999961,-2.5500000000000007,4.999999999999999,18.000000000000014
2000-06-30,1.6717325227963764,-25.99999999999998,-4.109999999999999,5.000000000000004,-12.00000000000001
2000-07-31,0.0,0.9999999999999787,1.1999999999999993,8.999999999999996,-12.99999999999999
2000-08-31,-0.6726457399103158,-30.99999999999996,-3.8999999999999986,-19.0,23.99999999999998
2000-09-30,1.3544018058690543,6.99999999999994,3.7300000000000004,27.0,3.000000000000025
2000-10-31,0.0,-3.000000000000025,3.0599999999999987,0.9999999999999981,2.0000000000000018
2000-11-30,0.22271714922050823,-28.999999999999915,6.02,4.000000000000001,8.000000000000007
2000-12-31,0.8888888888888724,-36.00000000000003,-2.799999999999997,14.000000000000002,23.99999999999998
2001-01-31,0.0,7.000000000000028,-4.830000000000002,55.99999999999999,-25.99999999999998
2001-02-28,0.8810572687224738,-27.000000000000046,6.330000000000002,-5.999999999999995,25.99999999999998
2001-03-31,-1.091703056768556,0.9999999999999787,0.28999999999999915,24.0,16.000000000000014
2001-04-30,0.0,41.99999999999999,-3.16,30.000000000000004,-31.000000000000007
2001-05-31,0.6622516556291425,8.000000000000007,-2.84,15.999999999999993,-8.000000000000007
2001-06-30,-0.9502923976608235,-0.9999999999999787,-3.580000000000002,-4.0000000000000036,0.0
2001-07-31,0.0,-34.999999999999964,2.5600000000000023,11.00000000000001,12.99999999999999
2001-08-31,-1.5498154981549828,-22.000000000000064,3.3000000000000007,-7.000000000000006,12.00000000000001
2001-09-30,0.0,-25.0,7.009999999999998,53.0,52.0
2001-10-31,-2.323838080959517,-29.999999999999982,1.6300000000000026,12.00000000000001,-4.0000000000000036
2001-11-30,-0.38372985418265726,48.00000000000004,-9.720000000000002,7.999999999999985,-27.99999999999998
2001-12-31,0.0,29.000000000000004,-0.03999999999999915,6.000000000000005,-25.0
2002-01-31,0.0,0.0,-2.710000000000001,-9.000000000000007,0.0
2002-02-28,-1.078582434514641,-19.00000000000004,0.5,-8.999999999999986,12.99999999999999
2002-03-31,1.0903426791277315,54.0,-4.190000000000001,-12.00000000000001,-16.999999999999993
2002-04-30,0.7704160246533087,-30.99999999999996,4.510000000000002,17.000000000000014,2.9999999999999805
2002-05-31,0.0,-3.000000000000025,-1.9299999999999997,-1.0000000000000009,14.000000000000012
2002-06-30,0.0,-21.999999999999975,5.419999999999998,9.999999999999986,14.999999999999991
2002-07-31,0.3058103975535076,-35.00000000000006,6.630000000000003,31.999999999999986,12.00000000000001
2002-08-31,0.22865853658537993,-37.000000000000014,0.6099999999999994,-27.99999999999998,6.999999999999984
2002-09-30,0.0,-50.99999999999998,7.049999999999997,-9.000000000000007,43.99999999999999
2002-10-31,1.2927756653992262,30.00000000000003,-8.549999999999997,34.00000000000001,6.000000000000005
2002-11-30,-0.07507507507507061,28.999999999999957,-3.6400000000000006,-10.999999999999988,-43.99999999999999
2002-12-31,0.0,-38.99999999999997,1.120000000000001,8.000000000000007,10.000000000000009
2003-01-31,0.0,16.999999999999993,2.5500000000000007,5.999999999999961,-31.999999999999986
2003-02-28,0.0,-29.000000000000004,-1.5400000000000027,-9.999999999999964,4.999999999999982
2003-03-31,0.0,12.00000000000001,-0.4800000000000004,13.999999999999968,-16.999999999999993
2003-04-30,2.7798647633358486,6.000000000000005,-7.939999999999998,6.000000000000005,-28.000000000000025
2003-05-31,-0.07309941520469154,-52.0,-1.740000000000002,-33.999999999999986,9.00000000000003
2003-06-30,0.0,16.999999999999993,0.05000000000000071,18.000000000000014,-4.0000000000000036
2003-07-31,0.7315288953913646,95.00000000000001,-0.030000000000001137,46.99999999999997,-23.0
2003-08-31,0.21786492374729072,-4.0000000000000036,-0.8599999999999994,-18.999999999999993,-12.00000000000001
2003-09-30,0.0,-49.00000000000002,4.09,-4.0000000000000036,10.999999999999988
2003-10-31,0.9420289855072594,37.000000000000014,-6.619999999999997,2.0000000000000018,-20.999999999999996
2003-11-30,0.0,0.9999999999999787,0.21999999999999886,-20.000000000000018,-2.9999999999999805
2003-12-31,0.143575017946862,-7.000000000000028,1.9899999999999984,15.000000000000036,0.9999999999999787
2004-01-31,0.0,-10.999999999999943,-1.6799999999999997,-11.000000000000032,-14.999999999999991
2004-02-29,0.0,-16.999999999999993,-2.0799999999999983,1.000000000000023,2.0000000000000018
2004-03-31,2.580645161290329,-13.000000000000034,2.1899999999999977,-7.000000000000028,8.000000000000007
2004-04-30,1.1879804332634691,67.00000000000004,0.45000000000000284,-3.999999999999959,-24.00000000000002
2004-05-31,0.0,12.99999999999999,-1.6900000000000013,-10.000000000000009,-2.0000000000000018
2004-06-30,1.6574585635358963,-4.0000000000000036,-1.1600000000000001,-20.000000000000018,6.000000000000005
2004-07-31,0.13586956521740579,-12.00000000000001,0.9800000000000004,-9.999999999999986,1.000000000000023
2004-08-31,0.0,-37.000000000000014,-0.030000000000001137,-10.000000000000009,8.999999999999986
2004-09-30,0.2035278154681075,0.9999999999999787,-1.9499999999999993,-20.999999999999996,-8.000000000000007
2004-10-31,1.5572105619499066,-8.999999999999986,2.9299999999999997,-2.0000000000000018,-2.0000000000000018
2004-11-30,0.9333333333333416,31.00000000000005,-3.0299999999999994,-14.999999999999991,-13.99999999999999
2004-12-31,-0.79260237780715,-12.00000000000001,0.049999999999998934,-18.000000000000014,-8.999999999999986
2005-01-31,0.0,-10.000000000000053,-0.46999999999999886,-30.999999999999993,-11.00000000000001
2005-02-28,0.9320905459387463,22.000000000000064,-0.7400000000000002,-7.9999999999999964,-15.999999999999993
2005-03-31,1.385224274406327,13.999999999999968,1.9399999999999995,-7.000000000000006,4.999999999999982
2005-04-30,0.8458035133376729,-29.000000000000004,1.290000000000001,-14.999999999999991,12.00000000000001
2005-05-31,0.0,-20.999999999999996,-2.0200000000000014,-15.000000000000002,13.99999999999999
2005-06-30,-0.4516129032257954,-6.000000000000005,-1.25,-12.0,-2.9999999999999805
2005-07-31,1.2961762799740706,34.00000000000003,-0.46999999999999886,-2.0000000000000018,-20.000000000000018
2005-08-31,0.8317338451695244,-26.000000000000068,1.0299999999999994,-8.000000000000002,10.000000000000009
2005-09-30,2.918781725888331,32.00000000000003,-0.6799999999999997,-1.9999999999999991,4.0000000000000036
2005-10-31,0.0,23.000000000000043,3.4000000000000004,1.0000000000000009,2.0000000000000018
2005-11-30,0.9247842170160281,-8.000000000000007,-3.26,-10.0,5.999999999999983
2005-12-31,-0.42761148442271857,-10.000000000000053,0.009999999999999787,-9.000000000000002,-6.999999999999984
2006-01-31,0.0,14.000000000000057,0.879999999999999,1.0,-4.0000000000000036
2006-02-28,-0.7361963190184007,1.9999999999999574,-0.6099999999999994,-13.0,-13.00000000000001
2006-03-31,0.24721878862792313,31.00000000000005,-0.9499999999999993,18.000000000000004,4.0000000000000036
2006-04-30,0.0,20.999999999999996,0.1999999999999993,16.0,-2.0000000000000018
2006-05-31,2.2194821208384896,4.999999999999982,4.850000000000001,-12.000000000000002,-1.0000000000000009
2006-06-30,0.1809408926417344,3.000000000000025,-3.360000000000001,-9.0,1.0000000000000009
2006-07-31,0.0,-16.000000000000014,1.8699999999999992,3.0,1.0000000000000009
2006-08-31,1.0836845273931361,-25.0,-2.639999999999999,-7.000000000000001,5.000000000000004
2006-09-30,-1.4889815366289416,-10.000000000000053,-0.33000000000000007,-2.0000000000000004,-1.0000000000000009
2006-10-31,0.0,-2.999999999999936,-0.8800000000000008,-3.0,-8.000000000000007
2006-11-30,-0.48367593712213,-15.000000000000036,-0.1899999999999995,-6.0,0.0
2006-12-31,0.6075334143377908,25.0,0.6500000000000004,5.0,0.0
2007-01-31,0.0,12.00000000000001,-1.1400000000000006,0.0,-6.999999999999984
2007-02-28,0.7246376811594235,-27.000000000000046,5.0,2.0000000000000004,3.0000000000000027
2007-03-31,1.4988009592326046,9.000000000000075,-0.7799999999999994,16.0,14.999999999999991
2007-04-30,0.0,-2.000000000000046,-0.41999999999999993,-4.000000000000001,-7.000000000000006
2007-05-31,2.3626698168930815,27.000000000000046,-1.17,-5.0,-7.999999999999985
2007-06-30,0.2885170225043199,12.99999999999999,3.1799999999999997,18.0,-1.0000000000000009
2007-07-31,0.0,-25.0,7.289999999999999,6.0,26.0
2007-08-31,-0.8055235903337232,-24.00000000000002,-0.14000000000000057,17.0,19.99999999999997
2007-09-30,0.0,4.999999999999982,-5.379999999999999,23.0,-4.999999999999982
2007-10-31,1.3341067285382646,-10.999999999999943,0.5300000000000011,-7.9999999999999964,-1.0000000000000009
2007-11-30,2.461362335432171,-51.00000000000002,4.34,39.0,48.00000000000002
2007-12-31,0.0,6.999999999999984,-0.370000000000001,5.999999999999995,4.999999999999982
2008-01-31,0.0,-37.000000000000014,3.6999999999999993,51.0,43.99999999999999
2008-02-29,2.067039106145252,-14.000000000000012,0.33999999999999986,37.999999999999986,26.00000000000002
2008-03-31,0.0,-7.999999999999963,-0.9299999999999997,-4.999999999999982,23.0
2008-04-30,4.48823207443898,31.999999999999986,-4.82,-35.00000000000001,-35.00000000000001
2008-05-31,2.9858564693556744,28.999999999999957,-2.960000000000001,-8.000000000000007,-10.000000000000009
2008-06-30,0.0,-6.99999999999994,6.120000000000001,-3.9999999999999813,4.999999999999982
2008-07-31,4.526958290946093,0.0,-1.009999999999998,10.999999999999988,17.000000000000036
2008-08-31,-3.1630170316301665,-16.000000000000014,-2.2900000000000027,0.0,6.999999999999984
2008-09-30,0.0,2.0000000000000018,18.740000000000002,38.000000000000014,71.0
2008-10-31,-6.331658291457288,15.99999999999997,20.5,60.00000000000001,153.00000000000003
2008-11-30,0.0,-107.99999999999996,-4.049999999999997,-52.00000000000002,56.99999999999994
2008-12-31,-8.315450643776822,-68.00000000000001,-15.840000000000003,-43.99999999999999,-27.999999999999936
2009-01-31,0.0,62.000000000000014,4.840000000000003,43.99999999999999,-44.00000000000004
2009-02-28,0.0,14.999999999999991,1.509999999999998,9.000000000000007,-16.000000000000014
2009-03-31,0.0,-31.000000000000007,-2.210000000000001,-12.00000000000001,52.00000000000004
2009-04-30,-1.0532475131656005,45.000000000000014,-7.640000000000001,35.00000000000001,-66.00000000000001
2009-05-31,1.0053222945002993,31.000000000000007,-7.579999999999998,29.999999999999982,-79.0
2009-06-30,1.932084309133475,5.999999999999961,-2.5700000000000003,-12.99999999999999,-64.99999999999999
2009-07-31,-0.9190120620333087,-0.9999999999999787,-0.4299999999999997,-2.9999999999999805,-53.00000000000003
2009-08-31,0.0,-12.00000000000001,0.08999999999999986,4.0000000000000036,-12.99999999999999
2009-09-30,0.927536231884063,-8.999999999999986,-0.40000000000000213,-7.000000000000028,-12.00000000000001
2009-10-31,0.6318207926478969,10.000000000000009,5.080000000000002,14.999999999999991,0.0
2009-11-30,0.0,-20.000000000000018,-6.18,3.000000000000025,13.000000000000034
2009-12-31,1.6552511415525162,64.00000000000001,-2.830000000000002,16.999999999999993,-45.000000000000014
2010-01-31,0.0,-22.00000000000002,2.9400000000000013,10.000000000000009,2.9999999999999805
2010-02-28,1.628298708590692,-2.0000000000000018,-5.120000000000001,-1.000000000000023,5.000000000000027
2010-03-31,1.27071823204421,23.0,-1.9100000000000001,2.0000000000000018,-14.999999999999991
2010-04-30,0.6001091107474155,-14.999999999999991,4.460000000000001,-9.999999999999964,-9.00000000000003
2010-05-31,0.0,-37.999999999999986,10.02,-17.000000000000036,51.00000000000002
2010-06-30,-0.48806941431670525,-33.999999999999986,2.469999999999999,-18.999999999999993,18.999999999999993
2010-07-31,0.3269754768392419,-3.000000000000025,-11.04,3.000000000000025,-16.999999999999993
2010-08-31,0.0,-46.99999999999997,2.5500000000000007,-39.000000000000014,9.999999999999964
2010-09-30,0.4345464421510181,5.999999999999961,-2.3500000000000014,10.999999999999988,4.0000000000000036
2010-10-31,0.9194159004867419,10.000000000000009,-2.5,18.000000000000014,10.000000000000009
2010-11-30,0.5894962486602262,18.000000000000014,2.34,6.999999999999984,-12.00000000000001
2010-12-31,1.0655301012253648,48.99999999999998,-5.789999999999999,33.00000000000001,-34.999999999999964
2011-01-31,0.0,12.00000000000001,1.7800000000000011,14.999999999999991,0.0
2011-02-28,3.215603584607285,0.0,-1.1799999999999997,-10.999999999999988,-11.000000000000032
2011-03-31,1.7364657814095796,5.000000000000027,-0.610000000000003,-6.000000000000005,1.000000000000023
2011-04-30,1.957831325301207,-15.000000000000036,-2.9899999999999984,4.0000000000000036,0.0
2011-05-31,0.0,-27.0,0.6999999999999993,-10.999999999999988,6.999999999999984
2011-06-30,0.3938946331856208,13.000000000000034,1.0700000000000003,12.99999999999999,7.000000000000028
2011-07-31,0.343305541932315,-36.00000000000003,8.73,-27.0,4.999999999999982
2011-08-31,-0.6842619745845546,-58.999999999999986,6.370000000000001,-43.000000000000014,48.0
2011-09-30,0.24606299212599492,-31.000000000000007,11.34,-35.999999999999986,4.999999999999982
2011-10-31,0.0,25.0,-13.0,25.0,-27.99999999999998
2011-11-30,-1.129111438389785,-8.999999999999986,-2.16,-8.999999999999986,22.00000000000002
2011-12-31,-0.7944389275074459,-19.000000000000018,-4.400000000000002,-19.000000000000018,2.9999999999999805
2012-01-31,0.0,-5.999999999999983,-3.9599999999999973,-2.9999999999999805,-2.9999999999999805
2012-02-29,0.9009009009008917,14.999999999999991,-1.0100000000000016,6.999999999999984,-14.000000000000012
2012-03-31,1.289682539682535,25.0,-2.9299999999999997,21.999999999999996,-3.000000000000025
2012-04-30,0.0,-28.000000000000004,1.6499999999999986,-21.999999999999996,13.000000000000034
2012-05-31,-1.1263467189030263,-35.999999999999986,6.91,-35.999999999999986,19.99999999999997
2012-06-30,-1.0401188707280795,7.999999999999985,-6.98,2.0000000000000018,-0.9999999999999787
2012-07-31,0.0,-15.999999999999993,1.8500000000000014,-6.000000000000005,-12.00000000000001
2012-08-31,1.4514514514514465,6.000000000000005,-1.4600000000000009,7.000000000000006,-6.000000000000005
2012-09-30,0.0,7.999999999999985,-1.7399999999999984,6.999999999999984,-14.000000000000012
2012-10-31,0.3946719289590561,7.000000000000006,2.870000000000001,0.0,-33.999999999999986
2012-11-30,-0.8353808353808279,-9.999999999999986,-2.730000000000002,-4.999999999999982,22.00000000000002
2012-12-31,0.0,15.999999999999993,2.1500000000000004,15.999999999999993,-10.000000000000009
2013-01-31,0.0,24.0,-3.74,21.999999999999996,-3.000000000000025
2013-02-28,1.2388503468780954,-13.00000000000001,1.2300000000000004,-11.00000000000001,7.000000000000028
2013-03-31,-0.1468428781204123,-1.9999999999999796,-2.8100000000000005,-1.9999999999999796,6.999999999999984
2013-04-30,-0.2450980392156854,-17.000000000000014,0.8200000000000003,-14.000000000000012,-12.99999999999999
2013-05-31,0.29484029484028174,46.00000000000002,2.780000000000001,38.000000000000014,-4.0000000000000036
2013-06-30,0.0,35.999999999999986,0.5599999999999987,30.000000000000004,4.0000000000000036
2013-07-31,0.14698677119060477,8.000000000000007,-3.41,12.99999999999999,-14.999999999999991
2013-08-31,-0.09784735812133905,17.99999999999997,3.5600000000000023,10.000000000000009,-12.00000000000001
2013-09-30,0.0,-13.999999999999968,-0.41000000000000014,-8.000000000000007,18.999999999999993
2013-10-31,-0.8325171400587639,-7.000000000000028,-2.8500000000000014,-5.000000000000027,-10.000000000000009
2013-11-30,-0.6419753086419844,18.000000000000014,-0.05000000000000071,21.000000000000043,-4.0000000000000036
2013-12-31,0.0,29.000000000000004,0.02000000000000135,18.999999999999993,-27.99999999999998
2014-01-31,0.0,-37.000000000000014,4.6899999999999995,-33.00000000000001,6.999999999999984
2014-02-28,0.0,-0.9999999999999787,-4.41,0.0,-4.999999999999982
2014-03-31,0.0,6.999999999999984,-0.11999999999999922,-4.0000000000000036,-9.00000000000003
2014-04-30,3.5288270377733744,-6.000000000000005,-0.47000000000000064,-4.0000000000000036,-9.999999999999964
2014-05-31,-0.1440230436869916,-18.999999999999993,-2.01,-14.000000000000012,6.000000000000005
2014-06-30,0.0,4.999999999999982,0.16999999999999993,-4.999999999999982,-4.0000000000000036
2014-07-31,0.0,5.000000000000027,5.379999999999999,-1.000000000000023,-1.000000000000023
2014-08-31,-0.48076923076922906,-23.0,-4.969999999999999,-17.99999999999997,6.000000000000005
2014-09-30,0.0,16.999999999999993,4.329999999999998,6.999999999999984,6.000000000000005
2014-10-31,-1.7391304347826098,-16.999999999999993,-2.2799999999999994,-8.999999999999986,10.000000000000009
2014-11-30,0.0,-16.999999999999993,-0.6999999999999993,-14.000000000000012,12.99999999999999
2014-12-31,-3.1465093411996103,-1.000000000000023,5.869999999999999,-20.999999999999996,-1.000000000000023
2015-01-31,0.0,-49.0,1.7699999999999996,-29.000000000000004,10.000000000000009
2015-02-28,0.0,32.00000000000001,-7.629999999999999,16.000000000000014,-14.999999999999991
2015-03-31,0.0,-6.000000000000005,1.9499999999999993,0.9999999999999787,8.999999999999986
2015-04-30,-3.0964467005076157,10.999999999999988,-0.7399999999999984,9.000000000000007,5.000000000000027
2015-05-31,1.3095861707700385,7.000000000000028,-0.7100000000000009,4.0000000000000036,12.00000000000001
2015-06-30,0.7238883143743546,23.0,4.390000000000001,19.999999999999996,10.999999999999988
2015-07-31,-0.462012320328542,-14.999999999999991,-6.110000000000001,-17.999999999999993,10.999999999999988
2015-08-31,0.0,0.9999999999999787,16.310000000000002,-6.000000000000005,20.999999999999996
2015-09-30,-2.4755028365136766,-14.999999999999991,-3.9299999999999997,-5.000000000000004,14.000000000000012
2015-10-31,-0.8461131676361644,10.000000000000009,-9.43,-1.0000000000000009,-10.000000000000009
2015-11-30,0.0,4.999999999999982,1.0599999999999987,-13.99999999999999,1.000000000000023
2015-12-31,-2.1333333333333315,6.000000000000005,2.080000000000002,-6.000000000000005,2.9999999999999805
2016-01-31,0.0,-33.00000000000001,1.9899999999999984,-3.0000000000000027,25.0
2016-02-29,-1.1989100817438647,-19.999999999999996,0.3500000000000014,-21.999999999999996,6.999999999999984
2016-03-31,0.44125758411470706,4.0000000000000036,-6.600000000000001,9.000000000000007,-42.99999999999997
2016-04-30,0.6040637012630468,5.000000000000004,1.75,1.0000000000000009,-26.00000000000002
2016-05-31,0.0,1.0000000000000009,-1.5099999999999998,-9.000000000000007,-2.0000000000000018
2016-06-30,2.401746724890841,-35.00000000000001,1.4400000000000013,-5.999999999999995,8.000000000000007
2016-07-31,0.05330490405117683,-3.0000000000000027,-3.7600000000000016,-12.0,-20.999999999999996
2016-08-31,-0.586041555673944,12.00000000000001,1.5500000000000007,-1.0000000000000009,-10.000000000000009
2016-09-30,0.1607717041800738,2.0000000000000018,-0.13000000000000078,4.999999999999993,8.000000000000007
2016-10-31,0.0,24.0,3.7699999999999996,15.000000000000002,-8.000000000000007
2016-11-30,-0.32102728731941976,53.0,-3.7299999999999986,28.000000000000004,-15.99999999999997
2016-12-31,1.0198604401502775,8.000000000000007,0.7099999999999991,-1.0000000000000009,-17.000000000000036
2017-01-31,0.0,0.0,-2.049999999999999,1.0000000000000009,-4.999999999999982
2017-02-28,1.8065887353878818,-9.00000000000003,0.9299999999999997,-12.00000000000001,-4.0000000000000036
2017-03-31,-0.052192066805845094,4.0000000000000036,-0.5500000000000007,-1.0000000000000009,5.000000000000027
2017-04-30,0.0,-10.999999999999988,-1.549999999999999,-11.99999999999999,3.999999999999959
2017-05-31,0.6788511749347359,-8.000000000000007,-0.41000000000000014,-7.9999999999999964,-4.999999999999982
2017-06-30,0.4149377593360981,10.000000000000009,0.7699999999999996,0.0,-14.000000000000012
2017-07-31,0.0,-1.000000000000023,-0.9199999999999999,2.9999999999999916,-2.9999999999999805
2017-08-31,0.10330578512398603,-17.99999999999997,0.33000000000000007,-16.999999999999993,8.000000000000007
2017-09-30,0.5159958720330149,20.999999999999996,-1.08,6.999999999999995,-14.000000000000012
2017-10-31,0.0,4.999999999999982,0.6699999999999999,-7.9999999999999964,-9.000000000000007
2017-11-30,0.5646817248459834,4.0000000000000036,1.0999999999999996,-14.000000000000002,-3.0000000000000027
2017-12-31,0.20418580908627693,-2.0000000000000018,-0.2400000000000002,-13.0,-10.999999999999988
2018-01-31,0.0,32.00000000000003,2.5,6.999999999999995,-20.999999999999996
2018-02-28,1.5282730514518672,14.999999999999991,6.310000000000002,4.0000000000000036,11.99999999999999
2018-03-31,0.0,-12.99999999999999,0.11999999999999744,-15.000000000000002,17.000000000000014
2018-04-30,0.0,20.999999999999996,-4.039999999999999,-0.9999999999999953,-6.000000000000005
2018-05-31,1.9568489713998938,-12.00000000000001,-0.5,-3.0000000000000027,9.999999999999986
2018-06-30,0.49212598425196763,2.0000000000000018,0.6600000000000001,-9.999999999999998,10.000000000000009
2018-07-31,0.0,10.999999999999988,-3.26,-4.0000000000000036,-15.999999999999993
2018-08-31,-0.3917727717923536,-10.000000000000009,0.02999999999999936,-4.999999999999999,8.999999999999986
2018-09-30,0.0,18.999999999999993,-0.7400000000000002,0.0,-7.999999999999985
2018-10-31,0.5899705014749124,10.000000000000009,9.110000000000001,4.0000000000000036,18.99999999999997
2018-11-30,-1.1241446725317572,-14.000000000000012,-3.16,-7.0000000000000036,24.00000000000002
2018-12-31,0.0,-31.999999999999986,7.350000000000001,0.0,18.000000000000014
2019-01-31,0.0,-6.000000000000005,-8.850000000000001,-3.0,-7.000000000000028
2019-02-28,-1.5323776569451386,10.000000000000009,-1.790000000000001,3.0,-15.99999999999997
2019-03-31,0.8032128514056325,-31.999999999999986,-1.0699999999999985,-6.999999999999998,3.999999999999959
2019-04-30,0.6474103585657254,9.999999999999964,-0.5900000000000016,9.999999999999998,-11.999999999999966
2019-05-31,-0.19792182088075316,-36.999999999999964,5.590000000000002,-4.999999999999999,23.0
2019-06-30,0.0,-14.000000000000012,-3.630000000000001,6.0,-6.000000000000005
2019-07-31,-0.49578582052552944,2.0000000000000018,1.040000000000001,-12.0,-18.000000000000014
2019-08-31,-0.7473841554558991,-52.0,2.8599999999999994,-13.0,12.99999999999999
2019-09-30,0.0,17.999999999999993,-2.740000000000002,5.0,-5.999999999999961
2019-10-31,-0.3012048192771011,1.0000000000000009,-3.019999999999998,12.000000000000002,-2.0000000000000018
2019-11-30,0.20140986908359082,9.000000000000007,-0.6000000000000014,0.0,-10.000000000000009
2019-12-31,0.0,13.99999999999999,1.1600000000000001,17.0,-10.000000000000009
2020-01-31,0.0,-40.99999999999999,5.0600000000000005,-16.000000000000004,14.999999999999991
2020-02-29,0.0,-38.000000000000014,21.27,9.000000000000002,25.0
2020-03-31,0.0,-42.99999999999999,13.43,19.999999999999996,155.00000000000003
2020-04-30,-6.783919597989952,-5.999999999999995,-19.39,-2.9999999999999973,-70.00000000000001
2020-05-31,1.6711590296495826,1.0000000000000009,-6.639999999999997,4.999999999999999,-14.999999999999991
2020-06-30,1.3785790031813239,1.0000000000000009,2.919999999999998,1.0000000000000009,-14.999999999999991
2020-07-31,0.9414225941422716,-10.999999999999998,-5.969999999999999,-6.0,-33.00000000000001
2020-08-31,0.0,16.999999999999993,1.9499999999999993,13.999999999999996,6.999999999999984
2020-09-30,1.2953367875647714,-3.0000000000000027,-0.03999999999999915,-1.9999999999999907,8.000000000000007
2020-10-31,0.5115089514066584,19.000000000000007,11.650000000000002,17.999999999999993,-14.000000000000012
2020-11-30,0.0,-4.0000000000000036,-17.450000000000003,-5.999999999999995,-31.999999999999986
2020-12-31,2.035623409669207,9.000000000000007,2.1799999999999997,12.0,-10.999999999999988
2021-01-31,0.0,18.000000000000004,10.340000000000003,19.999999999999996,-1.000000000000023
2021-02-28,5.037406483790519,32.999999999999986,-5.140000000000004,30.000000000000004,-4.999999999999982
2021-03-31,2.089268755935425,30.000000000000004,-8.55,28.000000000000004,-9.00000000000003
2021-04-30,1.3488372093023226,-9.000000000000007,-0.7899999999999991,-9.000000000000007,-6.999999999999984
2021-05-31,0.0,-6.999999999999984,-1.8499999999999979,-5.000000000000004,3.0000000000000027
2021-06-30,5.048187241854052,-13.00000000000001,-0.9300000000000015,-24.0,-11.99999999999999
2021-07-31,1.2887723896898073,-20.999999999999996,2.4099999999999984,-14.999999999999991,7.999999999999985
2021-08-31,0.0,6.000000000000005,-1.759999999999998,5.000000000000004,-1.0000000000000009
2021-09-30,1.6510675005391384,21.999999999999996,6.66,13.99999999999999,-8.999999999999986
2021-10-31,2.0311611605665414,3.0000000000000027,-6.879999999999999,-16.999999999999993,-16.000000000000014
2021-11-30,1.173559561682569,-12.00000000000001,10.93,-16.000000000000004,12.00000000000001
2021-12-31,-0.8011114445079293,9.000000000000007,-9.970000000000002,-12.0,4.0000000000000036
2022-01-31,0.0,27.0,7.609999999999999,-18.000000000000004,7.999999999999985
2022-02-28,4.691345747457931,4.0000000000000036,5.32,-21.999999999999996,40.99999999999999
2022-03-31,2.9106308873585007,48.99999999999998,-9.59,-35.0,-40.99999999999999
2022-04-30,2.036813402355264,57.00000000000003,12.84,15.0,11.99999999999999
2022-05-31,0.0,-4.0000000000000036,-7.209999999999997,13.0,13.000000000000034
2022-06-30,5.631525385398195,12.99999999999999,2.5199999999999996,-26.0,12.99999999999999
2022-07-31,-2.846376997762712,-31.000000000000007,-7.380000000000003,-28.000000000000004,4.999999999999982
2022-08-31,-1.001931877446982,48.0,4.540000000000003,-7.999999999999999,-17.99999999999997
2022-09-30,-0.6113984255006422,68.00000000000001,5.75,-9.000000000000002,6.000000000000005
2022-10-31,0.0,26.999999999999957,-5.740000000000002,-1.9999999999999962,3.999999999999959
2022-11-30,-1.7697033945755614,-41.99999999999995,-5.300000000000001,-28.999999999999996,-12.99999999999999
2022-12-31,-1.9988067959430977,19.99999999999997,1.0900000000000034,16.999999999999993,-15.999999999999993
2023-01-31,0.0,-35.999999999999986,-2.270000000000003,-15.999999999999993,-9.000000000000007
2023-02-28,0.2993443118764372,39.99999999999999,1.3000000000000007,-20.000000000000007,0.0
2023-03-31,-0.6212572824729534,-43.99999999999999,-2.0,31.000000000000007,20.999999999999996
2023-04-30,0.0,-4.0000000000000036,-2.92,-2.0000000000000018,-2.9999999999999805
2023-05-31,-1.319526028740159,20.000000000000018,2.160000000000002,-16.000000000000004,8.000000000000007
2023-06-30,0.07490046122917704,16.999999999999993,-4.350000000000001,-30.000000000000004,-28.000000000000025
2023-07-31,0.0,16.000000000000014,0.040000000000000924,15.000000000000002,-10.999999999999988
2023-08-31,1.5047664066808464,11.999999999999966,-0.0600000000000005,15.000000000000002,6.000000000000005
2023-09-30,0.4866501086619124,50.0,3.9499999999999993,32.0,-5.000000000000004
2023-10-31,0.0,29.000000000000004,0.620000000000001,25.0,7.000000000000006
2023-11-30,-2.347316304540936,-50.99999999999998,-5.220000000000001,-17.0,-18.000000000000014
2023-12-31,-1.1824912202992977,-49.00000000000002,-0.47000000000000064,1.0000000000000009,-5.999999999999983
2024-01-31,0.0,11.000000000000032,1.9000000000000004,6.999999999999995,0.0
2024-02-29,2.0250854457989353,25.99999999999998,-0.9499999999999993,-10.999999999999998,-6.000000000000005
2024-03-31,0.06629374798960974,-4.999999999999982,-0.39000000000000057,0.0,-5.000000000000004
2024-04-30,0.7381563731158947,49.00000000000002,2.6400000000000006,4.0000000000000036,-6.000000000000005
2024-05-31,-0.647915385752873,-18.00000000000006,-2.7300000000000004,-3.0000000000000027,2.0000000000000018
2024-06-30,0.0,-14.999999999999947,-0.4800000000000004,3.0000000000000027,9.000000000000007
2024-07-31,0.7864856078617422,-27.000000000000046,3.92,14.999999999999996,12.99999999999999
2024-08-31,-0.7220553316674594,-17.99999999999997,-1.3599999999999994,20.0,1.0000000000000009
2024-09-30,0.0,-10.000000000000009,1.7300000000000004,15.0,-6.000000000000005
2024-10-31,-0.9324246564081706,47.00000000000002,6.43,-3.0,-16.999999999999993
2024-11-30,0.05136695366305677,-10.000000000000053,-9.65,-6.999999999999999,-2.0000000000000018
2024-12-31,0.0,40.000000000000036,3.8400000000000016,28.000000000000004,-2.0000000000000018
2025-01-31,0.0,0.0,-0.9200000000000017,2.9999999999999973,3.0000000000000027
2025-02-28,0.0,-33.999999999999986,3.1999999999999993,-10.999999999999998,12.00000000000001
2025-03-31,0.0,-0.9999999999999787,2.650000000000002,9.000000000000002,18.999999999999993
2025-04-30,2.008996449601308,-6.00000000000005,2.419999999999998,22.999999999999993,19.999999999999996
2025-05-31,0.07859139443586738,24.00000000000002,-6.129999999999999,-4.999999999999993,-11.99999999999999
2025-06-30,0.0,-16.999999999999993,-1.8399999999999999,0.0,-9.000000000000007
2025-07-31,0.0,22.999999999999954,-0.21000000000000085,4.0000000000000036,-4.0000000000000036
