,S&P500,,,S&P500 Growth,,,S&P500 Value,,,S&P500 Momentum,,,S&P500 Quality,,,S&P500 Low Volatiltiy Index,,,S&P500 Div Aristocrt TR Index
티커,SPX Index,,,SGX Index,,,SVX Index,,,SP500MUN Index,,,SPXQUN Index,,,SP5LVI Index,,,SPDAUDT Index
,,,,,,,,,,,,,,,,,,,
Date,현재가,,Date,현재가,,Date,현재가,,Date,현재가,,Date,현재가,,Date,현재가,,Date,현재가
2025-07-14,6268.56,,2025-07-14,4482.01123,,2025-07-14,1951.37598,,2025-07-14,1022.51,,2025-07-14,1247.42,,2025-07-14,11693.02,,2025-07-14,4780.9082
2025-06-30,6204.95,,2025-06-30,4443.06396,,2025-06-30,1928.33997,,2025-06-30,1016.9,,2025-06-30,1246.177,,2025-06-30,11701.63,,2025-06-30,4685.14111
2025-05-30,5911.69,,2025-05-30,4180.90283,,2025-05-30,1863.19104,,2025-05-30,951.18,,2025-05-30,1225.505,,2025-05-30,11820.41,,2025-05-30,4642.23096
2025-04-30,5569.06,,2025-04-30,3823.896,,2025-04-30,1812.44873,,2025-04-30,854.29,,2025-04-30,1154.025,,2025-04-30,11714.23,,2025-04-30,4542.92676
2025-03-31,5611.85,,2025-03-31,3741.90698,,2025-03-31,1882.026,,2025-03-31,835,,2025-03-31,1155.526,,2025-03-31,12005.57,,2025-03-31,4720.70996
2025-02-28,5954.5,,2025-02-28,4078.80493,,2025-02-28,1942.92297,,2025-02-28,899.87,,2025-02-28,1221.68,,2025-02-28,11990.07,,2025-02-28,4784.51807
2025-01-31,6040.53,,2025-01-31,4203.54395,,2025-01-31,1938.30798,,2025-01-31,902.18,,2025-01-31,1212.846,,2025-01-31,11478.82,,2025-01-31,4708.64404
2024-12-31,5881.63,,2024-12-31,4095.32617,,2024-12-31,1886.14758,,2024-12-31,855.996,,2024-12-31,1165.491,,2024-12-31,11255.05,,2024-12-31,4574.45801
2024-11-29,6032.38,,2024-11-29,4063.35498,,2024-11-29,2027.48706,,2024-11-29,871.108,,2024-11-29,1196.956,,2024-11-29,12041.73,,2024-11-29,4952.25195
2024-10-31,5705.45,,2024-10-31,3838.06689,,2024-10-31,1920.96204,,2024-10-31,817.573,,2024-10-31,1138.887,,2024-10-31,11431.73,,2024-10-31,4727.83105
2024-09-30,5762.48,,2024-09-30,3864.02393,,2024-09-30,1948.396,,2024-09-30,816.118,,2024-09-30,1167.614,,2024-09-30,11545.85,,2024-09-30,4877.63379
2024-08-30,5648.4,,2024-08-30,3759.88599,,2024-08-30,1930.28198,,2024-08-30,802.721,,2024-08-30,1153.353,,2024-08-30,11447.98,,2024-08-30,4760.77197
2024-07-31,5522.3,,2024-07-31,3681.84595,,2024-07-31,1879.04004,,2024-07-31,773.409,,2024-07-31,1118.08,,2024-07-31,10903.78,,2024-07-31,4592.14893
2024-06-28,5460.48,,2024-06-28,3731.62891,,2024-06-28,1796.78198,,2024-06-28,786.218,,2024-06-28,1099.307,,2024-06-28,10457.13,,2024-06-28,4365.12109
2024-05-31,5277.51,,2024-05-31,3490.27808,,2024-05-31,1812.06006,,2024-05-31,730.661,,2024-05-31,1060.021,,2024-05-31,10498.51,,2024-05-31,4426.46924
2024-04-30,5035.69,,2024-04-30,3276.62695,,2024-04-30,1763.92297,,2024-04-30,682.195,,2024-04-30,1006.9,,2024-04-30,10265,,2024-04-30,4361.8418
2024-03-29,5254.35,,2024-03-29,3410.90405,,2024-03-29,1845.71399,,2024-03-29,719.632,,2024-03-29,1043.689,,2024-03-29,10602.51,,2024-03-29,4574.85791
2024-02-29,5096.27,,2024-02-29,3341.59399,,2024-02-29,1768.60901,,2024-02-29,691.053,,2024-02-29,1006.57,,2024-02-29,10307.35,,2024-02-29,4368.65723
2024-01-31,4845.65,,2024-01-31,3116.9519,,2024-01-31,1720.63599,,2024-01-31,621.83,,2024-01-31,958.739,,2024-01-31,10163.26,,2024-01-31,4254.72998
2023-12-29,4769.83,,2023-12-29,3030.31201,,2023-12-29,1718.21802,,2023-12-29,587.587,,2023-12-29,930.975,,2023-12-29,10079.42,,2023-12-29,4271.92676
2023-11-30,4567.8,,2023-11-30,2924.07104,,2023-11-30,1630.67603,,2023-11-30,551.536,,2023-11-30,891.792,,2023-11-30,9871.1,,2023-11-30,4059.85596
2023-10-31,4193.8,,2023-10-31,2692.86499,,2023-10-31,1491.68103,,2023-10-31,502.873,,2023-10-31,835.48,,2023-10-31,9397.09,,2023-10-31,3807.67603
2023-09-29,4288.05,,2023-09-29,2761.18311,,2023-09-29,1519.94702,,2023-09-29,513.005,,2023-09-29,858.962,,2023-09-29,9450.31,,2023-09-29,3943.59692
2023-08-31,4507.66,,2023-08-31,2905.20508,,2023-08-31,1596.07605,,2023-08-31,519.848,,2023-08-31,897.962,,2023-08-31,9843.09,,2023-08-31,4183.3501
2023-07-31,4588.96,,2023-07-31,2927.70996,,2023-07-31,1644.71594,,2023-07-31,508.677,,2023-07-31,896.403,,2023-07-31,10171.1,,2023-07-31,4281.80713
2023-06-30,4450.38,,2023-06-30,2843.13892,,2023-06-30,1592.5,,2023-06-30,499.695,,2023-06-30,864.233,,2023-06-30,10092.21,,2023-06-30,4170.32422
2023-05-31,4179.83,,2023-05-31,2675.427,,2023-05-31,1492.30603,,2023-05-31,471.595,,2023-05-31,814.306,,2023-05-31,9713.27,,2023-05-31,3856.7959
2023-04-28,4169.48,,2023-04-28,2614.48901,,2023-04-28,1524.52905,,2023-04-28,499.307,,2023-04-28,821.458,,2023-04-28,10276.3,,2023-04-28,4096.72314
2023-03-31,4109.31,,2023-03-31,2579.28491,,2023-03-31,1500.85999,,2023-03-31,485.164,,2023-03-31,808.496,,2023-03-31,10024.54,,2023-03-31,4010.521
2023-02-28,3970.15,,2023-02-28,2440.10107,,2023-02-28,1484.24805,,2023-02-28,476.722,,2023-02-28,768.88,,2023-02-28,9897.74,,2023-02-28,3973.87695
2023-01-31,4076.6,,2023-01-31,2491.85303,,2023-01-31,1533.06604,,2023-01-31,499.434,,2023-01-31,784.51,,2023-01-31,10257.27,,2023-01-31,4067.27295
2022-12-30,3839.5,,2022-12-30,2361.03491,,2022-12-30,1434.58899,,2022-12-30,501.957,,2022-12-30,748.95,,2022-12-30,10268.35,,2022-12-30,3939.47095
2022-11-30,4080.11,,2022-11-30,2558.31006,,2022-11-30,1495.81104,,2022-11-30,519.569,,2022-11-30,788.26,,2022-11-30,10477.91,,2022-11-30,4109.19922
2022-10-31,3871.98,,2022-10-31,2437.56592,,2022-10-31,1414.49304,,2022-10-31,503.717,,2022-10-31,736.49,,2022-10-31,9928.13,,2022-10-31,3834.02905
2022-09-30,3585.62,,2022-09-30,2334.21899,,2022-09-30,1270.36206,,2022-09-30,443.012,,2022-09-30,673.42,,2022-09-30,9294.42,,2022-09-30,3470.24707
2022-08-31,3955,,2022-08-31,2594.93506,,2022-08-31,1390.85498,,2022-08-31,476.303,,2022-08-31,738.26,,2022-08-31,10165.9,,2022-08-31,3822.97803
2022-07-29,4130.29,,2022-07-29,2744.2041,,2022-07-29,1434.94897,,2022-07-29,491.704,,2022-07-29,767.58,,2022-07-29,10379.46,,2022-07-29,3931.53394
2022-06-30,3785.38,,2022-06-30,2433.75903,,2022-06-30,1356.76294,,2022-06-30,456.496,,2022-06-30,709.04,,2022-06-30,9971.41,,2022-06-30,3686.13892
2022-05-31,4132.15,,2022-05-31,2655.65601,,2022-05-31,1481.58606,,2022-05-31,497.278,,2022-05-31,792.11,,2022-05-31,10443.73,,2022-05-31,3953.56006
2022-04-29,4131.93,,2022-04-29,2695.14893,,2022-04-29,1461.21497,,2022-04-29,490.701,,2022-04-29,780.05,,2022-04-29,10527.4,,2022-04-29,3940.18408
2022-03-31,4530.41,,2022-03-31,3080.84106,,2022-03-31,1537.74304,,2022-03-31,534.034,,2022-03-31,839.05,,2022-03-31,10788.55,,2022-03-31,4073.63794
2022-02-28,4373.94,,2022-02-28,2951.54297,,2022-02-28,1496.33203,,2022-02-28,517.56,,2022-02-28,832.92,,2022-02-28,10262.55,,2022-02-28,3924.08398
2022-01-31,4515.55,,2022-01-31,3092.97095,,2022-01-31,1521.38794,,2022-01-31,528.003,,2022-01-31,855.71,,2022-01-31,10527.02,,2022-01-31,4029.50195
2021-12-31,4766.18,,2021-12-31,3377.1731,,2021-12-31,1548.47498,,2021-12-31,564.22,,2021-12-31,892.62,,2021-12-31,11042.23,,2021-12-31,4200.09814
2021-11-30,4567,,2021-11-30,3297.36304,,2021-11-30,1449.30505,,2021-11-30,549.376,,2021-11-30,850.55,,2021-11-30,10090.34,,2021-11-30,3912.9751
2021-10-29,4605.38,,2021-10-29,3253.74097,,2021-10-29,1501.38794,,2021-10-29,564.848,,2021-10-29,861.66,,2021-10-29,10246.27,,2021-10-29,3984.70117
2021-09-30,4307.54,,2021-09-30,2983.94604,,2021-09-30,1437.51294,,2021-09-30,526.277,,2021-09-30,812.55,,2021-09-30,9796.77,,2021-09-30,3759.30347
2021-08-31,4522.68,,2021-08-31,3169.07202,,2021-08-31,1489.08496,,2021-08-31,552.851,,2021-08-31,848.88,,2021-08-31,10324.91,,2021-08-31,3985.45703
2021-07-30,4395.26,,2021-07-30,3044.35498,,2021-07-30,1466.86096,,2021-07-30,528.957,,2021-07-30,832.26,,2021-07-30,10164.89,,2021-07-30,3910.22827
2021-06-30,4297.5,,2021-06-30,2934.38696,,2021-06-30,1457.75,,2021-06-30,516.549,,2021-06-30,811.39,,2021-06-30,9816.32,,2021-06-30,3827.01294
2021-05-31,4204.11,,2021-05-31,2778.23608,,2021-05-31,1477.49805,,2021-05-31,482.004,,2021-05-31,775.24,,2021-05-31,9832.2,,2021-05-31,3872.63721
2021-04-30,4181.17,,2021-04-30,2805.7959,,2021-04-30,1445.70801,,2021-04-30,486.779,,2021-04-30,761.4,,2021-04-30,9733.3,,2021-04-30,3776.56006
2021-03-31,3972.89,,2021-03-31,2626.55298,,2021-03-31,1395.62,,2021-03-31,461.179,,2021-03-31,737.64,,2021-03-31,9357.25,,2021-03-31,3617.23901
2021-02-26,3811.15,,2021-02-26,2560.55005,,2021-02-26,1316.02795,,2021-02-26,452.337,,2021-02-26,709.19,,2021-02-26,8777.28,,2021-02-26,3363.61572
2021-01-29,3714.24,,2021-01-29,2562.86304,,2021-01-29,1245.04797,,2021-01-29,459.868,,2021-01-29,695.76,,2021-01-29,8887.22,,2021-01-29,3271.71289
2020-12-31,3756.07,,2020-12-31,2577.22095,,2020-12-31,1267.18005,,2020-12-31,460.575,,2020-12-31,699.61,,2020-12-31,9066.46,,2020-12-31,3333.73901
2020-11-30,3621.63,,2020-11-30,2477.7749,,2020-11-30,1226.93103,,2020-11-30,445.78,,2020-11-30,673.7,,2020-11-30,8893.87,,2020-11-30,3281.67065
2020-10-30,3269.96,,2020-10-30,2261.22412,,2020-10-30,1089.776,,2020-10-30,416.445,,2020-10-30,613.74,,2020-10-30,8391.94,,2020-10-30,2930.42603
2020-09-30,3363,,2020-09-30,2334.46289,,2020-09-30,1114.12402,,2020-09-30,432.737,,2020-09-30,640.65,,2020-09-30,8653.72,,2020-09-30,2987.93994
2020-08-31,3500.31,,2020-08-31,2450.91504,,2020-08-31,1143.86401,,2020-08-31,440.51,,2020-08-31,657.64,,2020-08-31,8821.16,,2020-08-31,3030.05591
2020-07-31,3271.12,,2020-07-31,2239.36108,,2020-07-31,1107.13501,,2020-07-31,407.276,,2020-07-31,608.97,,2020-07-31,8586.28,,2020-07-31,2912.86133
2020-06-30,3100.29,,2020-06-30,2094.21704,,2020-06-30,1070.37695,,2020-06-30,377.555,,2020-06-30,584.82,,2020-06-30,8004.44,,2020-06-30,2770.73706
2020-05-29,3044.31,,2020-05-29,2013.60303,,2020-05-29,1083.07104,,2020-05-29,367.755,,2020-05-29,581.35,,2020-05-29,8051.33,,2020-05-29,2737.87402
2020-04-30,2912.43,,2020-04-30,1903.30298,,2020-04-30,1053.14001,,2020-04-30,344.435,,2020-04-30,552.638,,2020-04-30,8042.58,,2020-04-30,2602.30811
2020-03-31,2584.59,,2020-03-31,1664.04504,,2020-03-31,953.09161,,2020-03-31,310.446,,2020-03-31,492.32,,2020-03-31,7546.73,,2020-03-31,2353.19092
2020-02-28,2954.22,,2020-02-28,1850.19275,,2020-02-28,1127.76624,,2020-02-28,340.952,,2020-02-28,542.15,,2020-02-28,8712.26,,2020-02-28,2725.62012
2020-01-31,3225.52,,2020-01-31,1995.59705,,2020-01-31,1249.47095,,2020-01-31,370.861,,2020-01-31,592.41,,2020-01-31,9653.89,,2020-01-31,2988.45361
2019-12-31,3230.78,,2019-12-31,1952.61804,,2019-12-31,1285.76697,,2019-12-31,360.438,,2019-12-31,598.51,,2019-12-31,9377.65,,2019-12-31,3067.56909
2019-11-29,3140.98,,2019-11-29,1899.10095,,2019-11-29,1249.44299,,2019-11-29,353.009,,2019-11-29,578.626,,2019-11-29,9241.66,,2019-11-29,3009.14502
2019-10-31,3037.56,,2019-10-31,1839.30396,,2019-10-31,1206.26794,,2019-10-31,346.591,,2019-10-31,560.09,,2019-10-31,9261.71,,2019-10-31,2920.00244
2019-09-30,2976.74,,2019-09-30,1809.42297,,2019-09-30,1176.91895,,2019-09-30,347.117,,2019-09-30,546.672,,2019-09-30,9305.78,,2019-09-30,2883.29297
2019-08-30,2926.46,,2019-08-30,1806.25696,,2019-08-30,1136.72498,,2019-08-30,346.044,,2019-08-30,537.24,,2019-08-30,9130.33,,2019-08-30,2788.26611
2019-07-31,2980.38,,2019-07-31,1822.41394,,2019-07-31,1170.34802,,2019-07-31,347.832,,2019-07-31,543.935,,2019-07-31,8936.14,,2019-07-31,2804.69678
2019-06-28,2941.76,,2019-06-28,1803.31494,,2019-06-28,1151.85901,,2019-06-28,345.111,,2019-06-28,538.3,,2019-06-28,8851.23,,2019-06-28,2779.13892
2019-05-31,2752.06,,2019-05-31,1700.33997,,2019-05-31,1067.76599,,2019-05-31,328.823,,2019-05-31,503.731,,2019-05-31,8553.9,,2019-05-31,2593.27295
2019-04-30,2945.83,,2019-04-30,1798.61804,,2019-04-30,1158.71301,,2019-04-30,337.59,,2019-04-30,538.991,,2019-04-30,8658.18,,2019-04-30,2744.71191
2019-03-29,2834.4,,2019-03-29,1731.25195,,2019-03-29,1114.38403,,2019-03-29,334.204,,2019-03-29,520.71,,2019-03-29,8467.75,,2019-03-29,2696.20801
2019-02-28,2784.49,,2019-02-28,1687.12305,,2019-02-28,1104.80298,,2019-02-28,325.073,,2019-02-28,505.55,,2019-02-28,8299.19,,2019-02-28,2647.49609
2019-01-31,2704.1,,2019-01-31,1623.776,,2019-01-31,1083.65295,,2019-01-31,312.871,,2019-01-31,481.765,,2019-01-31,7992.21,,2019-01-31,2527.21802
2018-12-31,2506.85,,2018-12-31,1512.01599,,2018-12-31,999.69928,,2018-12-31,286.903,,2018-12-31,449.528,,2018-12-31,7503.26,,2018-12-31,2397.04297
2018-11-30,2760.17,,2018-11-30,1656.53455,,2018-11-30,1106.78406,,2018-11-30,314.285,,2018-11-30,490.29,,2018-11-30,8085.56,,2018-11-30,2604.08691
2018-10-31,2711.74,,2018-10-31,1634.69104,,2018-10-31,1081.72803,,2018-10-31,309.217,,2018-10-31,490.729,,2018-10-31,7732.23,,2018-10-31,2481.01245
2018-09-28,2913.98,,2018-09-28,1779.51538,,2018-09-28,1144.5033,,2018-09-28,343.28,,2018-09-28,528.077,,2018-09-28,7968.64,,2018-09-28,2623.34009
2018-08-31,2901.52,,2018-08-31,1768.39001,,2018-08-31,1142.34204,,2018-08-31,338.498,,2018-08-31,518.725,,2018-08-31,8017.75,,2018-08-31,2598.57788
2018-07-31,2816.29,,2018-07-31,1688.81604,,2018-07-31,1130.36304,,2018-07-31,324.544,,2018-07-31,496.632,,2018-07-31,7894.4,,2018-07-31,2552.01294
2018-06-29,2718.37,,2018-06-29,1633.76025,,2018-06-29,1088.2124,,2018-06-29,313.01,,2018-06-29,481.219,,2018-06-29,7632.56,,2018-06-29,2431.06909
2018-05-31,2705.27,,2018-05-31,1625.51294,,2018-05-31,1083.22595,,2018-05-31,312.7,,2018-05-31,482.829,,2018-05-31,7542.68,,2018-05-31,2410.28809
2018-04-30,2648.05,,2018-04-30,1560.92798,,2018-04-30,1083.75598,,2018-04-30,301.391,,2018-04-30,471.887,,2018-04-30,7509.39,,2018-04-30,2387.24902
2018-03-30,2640.87,,2018-03-30,1557.68396,,2018-03-30,1080.05298,,2018-03-30,297.538,,2018-03-30,477.136,,2018-03-30,7559.98,,2018-03-30,2408.93506
2018-02-28,2713.83,,2018-02-28,1607.375,,2018-02-28,1104.70605,,2018-02-28,308.947,,2018-02-28,489.259,,2018-02-28,7514.95,,2018-02-28,2431.23804
2018-01-31,2823.81,,2018-01-31,1643.26697,,2018-01-31,1172.00403,,2018-01-31,311.701,,2018-01-31,508.27,,2018-01-31,7866.27,,2018-01-31,2559.36401
2017-12-29,2673.61,,2017-12-29,1533.38098,,2017-12-29,1126.98206,,2017-12-29,288.05,,2017-12-29,484.961,,2017-12-29,7668.59,,2017-12-29,2464.25293
2017-11-30,2647.58,,2017-11-30,1526.07495,,2017-11-30,1110.20203,,2017-11-30,286.353,,2017-11-30,478.964,,2017-11-30,7770.23,,2017-11-30,2414.58496
2017-10-31,2575.26,,2017-10-31,1487.34497,,2017-10-31,1077.13501,,2017-10-31,279.96,,2017-10-31,462.397,,2017-10-31,7501.7,,2017-10-31,2308.10303
2017-09-29,2519.36,,2017-09-29,1441.36597,,2017-09-29,1066.45801,,2017-09-29,264.263,,2017-09-29,457.015,,2017-09-29,7369,,2017-09-29,2275.21509
2017-08-31,2471.65,,2017-08-31,1427.15002,,2017-08-31,1034.13196,,2017-08-31,256.955,,2017-08-31,444.5,,2017-08-31,7325.8,,2017-08-31,2206.95093
2017-07-31,2470.3,,2017-07-31,1409.14795,,2017-07-31,1049.58801,,2017-07-31,255.765,,2017-07-31,445.552,,2017-07-31,7281.4,,2017-07-31,2220.30908
2017-06-30,2423.41,,2017-06-30,1374.36902,,2017-06-30,1037.13403,,2017-06-30,248.718,,2017-06-30,440.961,,2017-06-30,7191.32,,2017-06-30,2195.87891
2017-05-31,2411.8,,2017-05-31,1381.64294,,2017-05-31,1019.34998,,2017-05-31,244.792,,2017-05-31,440.574,,2017-05-31,7231.73,,2017-05-31,2175.19189
2017-04-28,2384.2,,2017-04-28,1346.396,,2017-04-28,1025.64197,,2017-04-28,240.487,,2017-04-28,434.571,,2017-04-28,7058.12,,2017-04-28,2159.31006
2017-03-31,2362.72,,2017-03-31,1321.83704,,2017-03-31,1027.88306,,2017-03-31,238.492,,2017-03-31,430.422,,2017-03-31,6990.1,,2017-03-31,2126.21289
2017-02-28,2363.64,,2017-02-28,1307.26099,,2017-02-28,1042.16602,,2017-02-28,238.231,,2017-02-28,429.729,,2017-02-28,7012.74,,2017-02-28,2121.38501
2017-01-31,2278.87,,2017-01-31,1258.71106,,2017-01-31,1006.32098,,2017-01-31,230.056,,2017-01-31,414.618,,2017-01-31,6726.07,,2017-01-31,2044.58496
2016-12-30,2238.83,,2016-12-30,1223.021,,2016-12-30,1001.12299,,2016-12-30,225.781,,2016-12-30,408.496,,2016-12-30,6684.3,,2016-12-30,2024.37598
2016-11-30,2198.81,,2016-11-30,1207.52905,,2016-11-30,977.95453,,2016-11-30,218.838,,2016-11-30,401.008,,2016-11-30,6534.9,,2016-11-30,2003.83105
2016-10-31,2126.15,,2016-10-31,1195.68994,,2016-10-31,923.03998,,2016-10-31,220.523,,2016-10-31,386.901,,2016-10-31,6517.27,,2016-10-31,1935.70496
2016-09-30,2168.27,,2016-09-30,1222.52502,,2016-09-30,938.79688,,2016-09-30,225.175,,2016-09-30,393.231,,2016-09-30,6676.69,,2016-09-30,2028.67004
2016-08-31,2170.95,,2016-08-31,1219.16003,,2016-08-31,943.84003,,2016-08-31,225.378,,2016-08-31,396.969,,2016-08-31,6758.87,,2016-08-31,2056.61011
2016-07-29,2173.6,,2016-07-29,1225.23999,,2016-07-29,941.35999,,2016-07-29,225.979,,2016-07-29,398.487,,2016-07-29,6903.06,,2016-07-29,2066.48291
2016-06-30,2098.86,,2016-06-30,1171.76001,,2016-06-30,917.9566,,2016-06-30,217.908,,2016-06-30,386.89,,2016-06-30,6887.84,,2016-06-30,2019.01001
2016-05-31,2096.96,,2016-05-31,1177.70996,,2016-05-31,911.57001,,2016-05-31,216.2,,2016-05-31,385.898,,2016-05-31,6532.89,,2016-05-31,1962.94995
2016-04-29,2065.3,,2016-04-29,1149.32996,,2016-04-29,906.23999,,2016-04-29,210.362,,2016-04-29,383.374,,2016-04-29,6437.61,,2016-04-29,1947.43201
2016-03-31,2059.74,,2016-03-31,1164.93994,,2016-03-31,888.95001,,2016-03-31,213.709,,2016-03-31,381.732,,2016-03-31,6490.89,,2016-03-31,1931.75
2016-02-29,1932.23,,2016-02-29,1093.22998,,2016-02-29,833.62,,2016-02-29,203.514,,2016-02-29,360.932,,2016-02-29,6141.61,,2016-02-29,1806.85999
2016-01-29,1940.24,,2016-01-29,1104.33301,,2016-01-29,831.90369,,2016-01-29,204.613,,2016-01-29,357.582,,2016-01-29,6091.86,,2016-01-29,1772.51001
2015-12-31,2043.94,,2015-12-31,1163.69995,,2015-12-31,876.09003,,2015-12-31,214.858,,2015-12-31,375.564,,2015-12-31,6208.1,,2015-12-31,1810.22998
2015-11-30,2080.41,,2015-11-30,1183.44995,,2015-11-30,892.92999,,2015-11-30,214.752,,2015-11-30,383.047,,2015-11-30,6230.28,,2015-11-30,1825.96997
2015-10-30,2079.36,,2015-10-30,1184.51001,,2015-10-30,891.01001,,2015-10-30,214.133,,2015-10-30,381.825,,2015-10-30,6174.94,,2015-10-30,1817.89001
2015-09-30,1920.03,,2015-09-30,1083.67004,,2015-09-30,831.71002,,2015-09-30,198.413,,2015-09-30,352.48,,2015-09-30,5789.23,,2015-09-30,1693.72998
2015-08-31,1972.18,,2015-08-31,1109.72998,,2015-08-31,857.31,,2015-08-31,201.039,,2015-08-31,361.213,,2015-08-31,5828.69,,2015-08-31,1735.62
2015-07-31,2103.84,,2015-07-31,1183.93994,,2015-07-31,914.40997,,2015-07-31,212.124,,2015-07-31,385.941,,2015-07-31,6141.24,,2015-07-31,1824.89099
2015-06-30,2063.11,,2015-06-30,1143.55603,,2015-06-30,912.40118,,2015-06-30,204.183,,2015-06-30,380.373,,2015-06-30,5893.61,,2015-06-30,1782.60999
2015-05-29,2107.39,,2015-05-29,1167.62,,2015-05-29,932.40997,,2015-05-29,210.862,,2015-05-29,387.99,,2015-05-29,6015.63,,2015-05-29,1814.67004
2015-04-30,2085.51,,2015-04-30,1149.31995,,2015-04-30,928.27002,,2015-04-30,204.718,,2015-04-30,380.831,,2015-04-30,5974.04,,2015-04-30,1790.88
2015-03-31,2067.89,,2015-03-31,1144.68994,,2015-03-31,915.87,,2015-03-31,210.96,,2015-03-31,382.311,,2015-03-31,6103.08,,2015-03-31,1806.32996
2015-02-27,2104.5,,2015-02-27,1165.83997,,2015-02-27,931.28003,,2015-02-27,213.729,,2015-02-27,388.331,,2015-02-27,6141.1,,2015-02-27,1827.54004
2015-01-30,1994.99,,2015-01-30,1102.13,,2015-01-30,885.53003,,2015-01-30,200.681,,2015-01-30,366.659,,2015-01-30,6066.28,,2015-01-30,1744.46899
2014-12-31,2058.9,,2014-12-31,1121.62,,2014-12-31,927.96997,,2014-12-31,204.637,,2014-12-31,376.443,,2014-12-31,6099.63,,2014-12-31,1793.55005
2014-11-28,2067.56,,2014-11-28,1134.04004,,2014-11-28,924.77002,,2014-11-28,207.183,,2014-11-28,375.612,,2014-11-28,6044,,2014-11-28,1790.80005
2014-10-31,2018.05,,2014-10-31,1102.83997,,2014-10-31,906.41998,,2014-10-31,201.852,,2014-10-31,362.661,,2014-10-31,5890.65,,2014-10-31,1723.43994
2014-09-30,1972.29,,2014-09-30,1072.23206,,2014-09-30,891.10999,,2014-09-30,199.719,,2014-09-30,350.489,,2014-09-30,5621.38,,2014-09-30,1650.35999
2014-08-29,2003.37,,2014-08-29,1085.31006,,2014-08-29,908.71997,,2014-08-29,199.519,,2014-08-29,356.068,,2014-08-29,5684.93,,2014-08-29,1652.42004
2014-07-31,1930.67,,2014-07-31,1042.17004,,2014-07-31,879.22998,,2014-07-31,191.845,,2014-07-31,340.009,,2014-07-31,5492.15,,2014-07-31,1588.68994
2014-06-30,1960.23,,2014-06-30,1056.20996,,2014-06-30,894.46997,,2014-06-30,192.769,,2014-06-30,343.889,,2014-06-30,5718.04,,2014-06-30,1632.53003
2014-05-30,1923.57,,2014-05-30,1036.12,,2014-05-30,878.04999,,2014-05-30,189.89,,2014-05-30,339.092,,2014-05-30,5611.38,,2014-05-30,1609.58997
2014-04-30,1883.95,,2014-04-30,1004.47998,,2014-04-30,869.48999,,2014-04-30,182.63,,2014-04-30,333.021,,2014-04-30,5569.95,,2014-04-30,1583.66003
2014-03-31,1872.34,,2014-03-31,1002.33002,,2014-03-31,860.39001,,2014-03-31,184.841,,2014-03-31,331.363,,2014-03-31,5468.8,,2014-03-31,1564.78003
2014-02-28,1859.45,,2014-02-28,1010.95001,,2014-02-28,840.16998,,2014-02-28,186.477,,2014-02-28,330.621,,2014-02-28,5371.08,,2014-02-28,1548.64001
2014-01-31,1782.59,,2014-01-31,962.58752,,2014-01-31,811.48828,,2014-01-31,178.581,,2014-01-31,315.203,,2014-01-31,5192.16,,2014-01-31,1478.19995
2013-12-31,1848.36,,2013-12-31,992.47198,,2013-12-31,846.60168,,2013-12-31,184.689,,2013-12-31,329.395,,2013-12-31,5332.49,,2013-12-31,1549.38
2013-11-29,1805.81,,2013-11-29,967.70728,,2013-11-29,828.9079,,2013-11-29,181.596,,2013-11-29,321.858,,2013-11-29,5288.59,,2013-11-29,1517.63
2013-10-31,1756.54,,2013-10-31,939.29999,,2013-10-31,808.15002,,2013-10-31,173.31,,2013-10-31,311.853,,2013-10-31,5239.91,,2013-10-31,1489.79004
2013-09-30,1681.55,,2013-09-30,897,,2013-09-30,775.69,,2013-09-30,167.044,,2013-09-30,299.981,,2013-09-30,5019.44,,2013-09-30,1417.22595
2013-08-30,1632.97,,2013-08-30,865.67828,,2013-08-30,758.26398,,2013-08-30,161.558,,2013-08-30,289.496,,2013-08-30,4936.03,,2013-08-30,1367.42603
2013-07-31,1685.73,,2013-07-31,887.37,,2013-07-31,788.53998,,2013-07-31,167.197,,2013-07-31,299.326,,2013-07-31,5202.55,,2013-07-31,1421.92603
2013-06-28,1606.28,,2013-06-28,845.37,,2013-06-28,751.53998,,2013-06-28,159.493,,2013-06-28,285.767,,2013-06-28,4999.89,,2013-06-28,1344.01404
2013-05-31,1630.74,,2013-05-31,861.71002,,2013-05-31,759.78998,,2013-05-31,161.675,,2013-05-31,291.36,,2013-05-31,4983.73,,2013-05-31,1355.48499
2013-04-30,1597.57,,2013-04-30,845.03998,,2013-04-30,743.53003,,2013-04-30,157.644,,2013-04-30,283.566,,2013-04-30,5177.29,,2013-04-30,1345.66895
2013-03-29,1569.19,,2013-03-29,828.71002,,2013-03-29,731.53998,,2013-03-29,154.828,,2013-03-29,279.385,,2013-03-29,4992.23,,2013-03-29,1317.953
2013-02-28,1514.68,,2013-02-28,799.64001,,2013-02-28,706.38,,2013-02-28,148.889,,2013-02-28,266.202,,2013-02-28,4774.38,,2013-02-28,1261.33203
2013-01-31,1498.11,,2013-01-31,790.73999,,2013-01-31,698.81,,2013-01-31,146.122,,2013-01-31,261.735,,2013-01-31,4663.64,,2013-01-31,1230.52197
2012-12-31,1426.19,,2012-12-31,761.33002,,2012-12-31,657.37,,2012-12-31,141.205,,2012-12-31,246.923,,2012-12-31,4446.98,,2012-12-31,1171.34399
2012-11-30,1416.18,,2012-11-30,763.71112,,2012-11-30,644.90973,,2012-11-30,144.072,,2012-11-30,244.891,,2012-11-30,4486,,2012-11-30,1172.81702
2012-10-31,1412.16,,2012-10-31,758.81042,,2012-10-31,645.82452,,2012-10-31,142.982,,2012-10-31,241.867,,2012-10-31,4513.38,,2012-10-31,1150.42004
2012-09-28,1440.67,,2012-09-28,781.52197,,2012-09-28,651.43573,,2012-09-28,145.996,,2012-09-28,246.466,,2012-09-28,4525.05,,2012-09-28,1153.82996
2012-08-31,1406.58,,2012-08-31,766.25189,,2012-08-31,632.76868,,2012-08-31,142.888,,2012-08-31,241.459,,2012-08-31,4461.64,,2012-08-31,1123.95996
2012-07-31,1379.32,,2012-07-31,751.02032,,2012-07-31,620.89673,,2012-07-31,141.09,,2012-07-31,237.239,,2012-07-31,4516.48,,2012-07-31,1108.58997
2012-06-29,1362.16,,2012-06-29,738.18927,,2012-06-29,616.68878,,2012-06-29,139.601,,2012-06-29,236.816,,2012-06-29,4430.93,,2012-06-29,1090.83997
2012-05-31,1310.33,,2012-05-31,713.19849,,2012-05-31,590.09021,,2012-05-31,136.259,,2012-05-31,228.142,,2012-05-31,4265.94,,2012-05-31,1052.95996
2012-04-30,1397.91,,2012-04-30,756.33618,,2012-04-30,634.08398,,2012-04-30,141.736,,2012-04-30,245.133,,2012-04-30,4349.95,,2012-04-30,1091.55005
2012-03-30,1408.47,,2012-03-30,757.27649,,2012-03-30,643.67822,,2012-03-30,139.81,,2012-03-30,245.828,,2012-03-30,4309.78,,2012-03-30,1083.62
2012-02-29,1365.68,,2012-02-29,734.64191,,2012-02-29,623.76068,,2012-02-29,133.491,,2012-02-29,238.553,,2012-02-29,4203.77,,2012-02-29,1052.69995
2012-01-31,1312.41,,2012-01-31,704.96777,,2012-01-31,600.45227,,2012-01-31,126.412,,2012-01-31,229.157,,2012-01-31,4141.42,,2012-01-31,1029.34998
2011-12-30,1257.61,,2011-12-30,677.63202,,2011-12-30,573.26221,,2011-12-30,121.132,,2011-12-30,216.842,,2011-12-30,4167.88,,2011-12-30,1001.63
2011-11-30,1246.96,,2011-11-30,676.26031,,2011-11-30,564.18512,,2011-11-30,120.907,,2011-11-30,215.405,,2011-11-30,4054,,2011-11-30,985.78998
2011-10-31,1253.3,,2011-10-31,678.82349,,2011-10-31,567.86969,,2011-10-31,120.81,,2011-10-31,215.049,,2011-10-31,4022.67,,2011-10-31,965.28998
2011-09-30,1131.42,,2011-09-30,614.52832,,2011-09-30,511.0242,,2011-09-30,109.345,,2011-09-30,196.987,,2011-09-30,3804.95,,2011-09-30,886.89001
2011-08-31,1218.89,,2011-08-31,658.94562,,2011-08-31,553.37769,,2011-08-31,118.62,,2011-08-31,207.161,,2011-08-31,3901.84,,2011-08-31,938.02002
2011-07-29,1292.28,,2011-07-29,693.27643,,2011-07-29,591.66779,,2011-07-29,126.898,,2011-07-29,214.613,,2011-07-29,3909.37,,2011-07-29,951.90997
2011-06-30,1320.64,,2011-06-30,698.02148,,2011-06-30,614.38849,,2011-06-30,128.964,,2011-06-30,217.138,,2011-06-30,4011.61,,2011-06-30,988.97998
2011-05-31,1345.2,,2011-05-31,707.83917,,2011-05-31,628.75348,,2011-05-31,129.637,,2011-05-31,217.098,,2011-05-31,4075.68,,2011-05-31,997.71002
2011-04-29,1363.61,,2011-04-29,712.33569,,2011-04-29,642.1853,,2011-04-29,132.23,,2011-04-29,215.851,,2011-04-29,4010.11,,2011-04-29,995.03003
2011-03-31,1325.83,,2011-03-31,689.70782,,2011-03-31,627.06818,,2011-03-31,129.017,,2011-03-31,204.892,,2011-03-31,3862.87,,2011-03-31,961.54999
2011-02-28,1327.22,,2011-02-28,688.65863,,2011-02-28,629.37988,,2011-02-28,126.856,,2011-02-28,204.797,,2011-02-28,3827.17,,2011-02-28,954.15997
2011-01-31,1286.12,,2011-01-31,668.66357,,2011-01-31,608.64099,,2011-01-31,121.771,,2011-01-31,198.142,,2011-01-31,3739.41,,2011-01-31,921.48999
2010-12-31,1257.64,,2010-12-31,659.13428,,2010-12-31,590.22479,,2010-12-31,119.801,,2010-12-31,196.879,,2010-12-31,3758.77,,2010-12-31,924.63
2010-11-30,1180.55,,2010-11-30,627.13751,,2010-11-30,546.32562,,2010-11-30,114.539,,2010-11-30,189.11,,2010-11-30,3598.27,,2010-11-30,876.47998
2010-10-29,1183.26,,2010-10-29,625.49408,,2010-10-29,550.37158,,2010-10-29,112.568,,2010-10-29,188.998,,2010-10-29,3662.14,,2010-10-29,879.46997
2010-09-30,1141.2,,2010-09-30,596.17139,,2010-09-30,537.25293,,2010-09-30,107.497,,2010-09-30,181.73,,2010-09-30,3582.79,,2010-09-30,864.32001
2010-08-31,1049.33,,2010-08-31,542.06079,,2010-08-31,499.564,,2010-08-31,96.428,,2010-08-31,166.419,,2010-08-31,3407.36,,2010-08-31,793.59003
2010-07-30,1101.6,,2010-07-30,567.85492,,2010-07-30,525.54199,,2010-07-30,102.497,,2010-07-30,173.243,,2010-07-30,3438.75,,2010-07-30,813.39001
2010-06-30,1030.71,,2010-06-30,531.54041,,2010-06-30,491.51889,,2010-06-30,94.744,,2010-06-30,164.486,,2010-06-30,3281.67,,2010-06-30,756.54999
2010-05-31,1089.41,,2010-05-31,558.66309,,2010-05-31,522.3927,,2010-05-31,102.245,,2010-05-31,171.557,,2010-05-31,3335.83,,2010-05-31,791.59003
2010-04-30,1186.69,,2010-04-30,608.70862,,2010-04-30,568.89838,,2010-04-30,111.221,,2010-04-30,185.825,,2010-04-30,3529.67,,2010-04-30,847.56
2010-03-31,1169.43,,2010-03-31,601.57172,,2010-03-31,559.05872,,2010-03-31,108.818,,2010-03-31,184.526,,2010-03-31,3508.74,,2010-03-31,829.91998
2010-02-26,1104.49,,2010-02-26,569.86023,,2010-02-26,526.46802,,2010-02-26,101.803,,2010-02-26,173.805,,2010-02-26,3388.55,,2010-02-26,787.35999
2010-01-29,1073.87,,2010-01-29,551.93182,,2010-01-29,513.83362,,2010-01-29,96.936,,2010-01-29,168.607,,2010-01-29,3337.93,,2010-01-29,766.23999
2009-12-31,1115.1,,2009-12-31,582.37,,2009-12-31,525.07312,,2009-12-31,101.228,,2009-12-31,172.456,,2009-12-31,3423.49,,2009-12-31,774.71997
2009-11-30,1095.63,,2009-11-30,570.82959,,2009-11-30,517.01538,,2009-11-30,97.192,,2009-11-30,168.925,,2009-11-30,3327.43,,2009-11-30,766.60999
2009-10-30,1036.2,,2009-10-30,540.90503,,2009-10-30,487.90189,,2009-10-30,91.799,,2009-10-30,159.44,,2009-10-30,3148.47,,2009-10-30,725.51001
2009-09-30,1057.08,,2009-09-30,542.64319,,2009-09-30,507.0737,,2009-09-30,93.318,,2009-09-30,161.935,,2009-09-30,3171.11,,2009-09-30,733.62
2009-08-31,1020.63,,2009-08-31,520.91168,,2009-08-31,492.6759,,2009-08-31,91.757,,2009-08-31,156.501,,2009-08-31,3096.46,,2009-08-31,705.12
2009-07-31,987.48,,2009-07-31,512.09003,,2009-07-31,468.36911,,2009-07-31,91.333,,2009-07-31,152.019,,2009-07-31,3044.24,,2009-07-31,677.62
2009-06-30,919.32,,2009-06-30,479.82431,,2009-06-30,432.8851,,2009-06-30,86.949,,2009-06-30,143.984,,2009-06-30,2926.89,,2009-06-30,614.97998
2009-05-29,919.14,,2009-05-29,476.45929,,2009-05-29,436.17389,,2009-05-29,85.861,,2009-05-29,142.064,,2009-05-29,2854.38,,2009-05-29,619.34998
2009-04-30,872.81,,2009-04-30,455.26721,,2009-04-30,411.21179,,2009-04-30,82.693,,2009-04-30,136.481,,2009-04-30,2779.48,,2009-04-30,598.14001
2009-03-31,797.87,,2009-03-31,420.66241,,2009-03-31,371.23611,,2009-03-31,82.176,,2009-03-31,126.021,,2009-03-31,2673.74,,2009-03-31,533.16998
2009-02-27,735.09,,2009-02-27,390.5759,,2009-02-27,338.88849,,2009-02-27,77.148,,2009-02-27,115.234,,2009-02-27,2565.68,,2009-02-27,484.12
2009-01-30,825.88,,2009-01-30,428.20691,,2009-01-30,391.81769,,2009-01-30,83.953,,2009-01-30,125.709,,2009-01-30,2871.06,,2009-01-30,544.02002
2008-12-31,903.25,,2008-12-31,450.54501,,2008-12-31,447.10669,,2008-12-31,86.842,,2008-12-31,133.27,,2008-12-31,2963.63,,2008-12-31,612.15002
2008-11-28,896.24,,2008-11-28,446.01169,,2008-11-28,444.7937,,2008-11-28,86.282,,2008-11-28,130.989,,2008-11-28,2922.5,,2008-11-28,614.03003
2008-10-31,968.75,,2008-10-31,473.53519,,2008-10-31,490.64081,,2008-10-31,92.254,,2008-10-31,139.878,,2008-10-31,3035.12,,2008-10-31,636
2008-09-30,1166.36,,2008-09-30,567.75043,,2008-09-30,593.47949,,2008-09-30,107.301,,2008-09-30,167.119,,2008-09-30,3488.89,,2008-09-30,732.63
2008-08-29,1282.83,,2008-08-29,632.47101,,2008-08-29,643.37341,,2008-08-29,121.196,,2008-08-29,182.129,,2008-08-29,3648.9,,2008-08-29,748.17999
2008-07-31,1267.38,,2008-07-31,623.98828,,2008-07-31,636.60962,,2008-07-31,120.873,,2008-07-31,177.251,,2008-07-31,3544.23,,2008-07-31,725.64001
2008-06-30,1280,,2008-06-30,641.84021,,2008-06-30,629.52869,,2008-06-30,130.268,,2008-06-30,178.886,,2008-06-30,3449.94,,2008-06-30,698.60999
2008-05-30,1400.38,,2008-05-30,682.79901,,2008-05-30,711.11133,,2008-05-30,135.253,,2008-05-30,194.162,,2008-05-30,3696.56,,2008-05-30,777.08002
2008-04-30,1385.59,,2008-04-30,668.07172,,2008-04-30,712.25232,,2008-04-30,129.821,,2008-04-30,191.732,,2008-04-30,3629.17,,2008-04-30,771.78998
2008-03-31,1322.7,,2008-03-31,630.95062,,2008-03-31,687.77417,,2008-03-31,121.101,,2008-03-31,182.311,,2008-03-31,3564.6,,2008-03-31,746.82001
2008-02-29,1330.63,,2008-02-29,633.97229,,2008-02-29,692.73743,,2008-02-29,117.998,,2008-02-29,185.658,,2008-02-29,3573.79,,2008-02-29,743.70001
2008-01-31,1378.55,,2008-01-31,643.45178,,2008-01-31,732.9693,,2008-01-31,119.836,,2008-01-31,189.234,,2008-01-31,3677.19,,2008-01-31,771.58002
2007-12-31,1468.36,,2007-12-31,702.66302,,2007-12-31,760.9519,,2007-12-31,133.318,,2007-12-31,203.412,,2007-12-31,3879.39,,2007-12-31,783.60999
2007-11-30,1481.14,,2007-11-30,702.25378,,2007-11-30,774.93738,,2007-11-30,131.466,,2007-11-30,201.416,,2007-11-30,3929.24,,2007-11-30,808.07001
2007-10-31,1549.38,,2007-10-31,729.1604,,2007-10-31,816.74011,,2007-10-31,138.61,,2007-10-31,209.167,,2007-10-31,4011.99,,2007-10-31,824.12
2007-09-28,1526.75,,2007-09-28,714.30341,,2007-09-28,809.5365,,2007-09-28,133.343,,2007-09-28,202.982,,2007-09-28,4009.59,,2007-09-28,830.22998
2007-08-31,1473.99,,2007-08-31,684.89038,,2007-08-31,786.8092,,2007-08-31,126.837,,2007-08-31,194.461,,2007-08-31,3929.62,,2007-08-31,820.37
2007-07-31,1455.28,,2007-07-31,674.95831,,2007-07-31,778.20551,,2007-07-31,124.12,,2007-07-31,192.815,,2007-07-31,3841.24,,2007-07-31,809.19
2007-06-29,1503.35,,2007-06-29,690.66089,,2007-06-29,811.2373,,2007-06-29,128.507,,2007-06-29,195.283,,2007-06-29,4040.61,,2007-06-29,846.26001
2007-05-31,1530.62,,2007-05-31,699.96289,,2007-05-31,829.51691,,2007-05-31,132.093,,2007-05-31,197.182,,2007-05-31,4173.6,,2007-05-31,866.72998
2007-04-30,1482.37,,2007-04-30,679.87781,,2007-04-30,801.18542,,2007-04-30,128.728,,2007-04-30,189.399,,2007-04-30,4117.54,,2007-04-30,841.21002
2007-03-30,1420.86,,2007-03-30,649.81042,,2007-03-30,769.99042,,2007-03-30,124.566,,2007-03-30,179.376,,2007-03-30,4005.84,,2007-03-30,811.20001
2007-02-28,1406.82,,2007-02-28,644.45947,,2007-02-28,761.18701,,2007-02-28,122.663,,2007-02-28,176.959,,2007-02-28,3991.54,,2007-02-28,807.90997
2007-01-31,1438.24,,2007-01-31,660.39532,,2007-01-31,776.47052,,2007-01-31,125.569,,2007-01-31,180.305,,2007-01-31,3999.6,,2007-01-31,815.09998
2006-12-29,1418.3,,2006-12-29,652.54529,,2006-12-29,764.25201,,2006-12-29,121.998,,2006-12-29,176.953,,2006-12-29,3965,,2006-12-29,800.14001
2006-11-30,1400.63,,2006-11-30,650.81128,,2006-11-30,747.55261,,2006-11-30,121.011,,2006-11-30,176.875,,2006-11-30,3884.07,,2006-11-30,787.12
2006-10-31,1377.94,,2006-10-31,639.32013,,2006-10-31,736.50537,,2006-10-31,119.542,,2006-10-31,171.861,,2006-10-31,3856.45,,2006-10-31,785.72998
2006-09-29,1335.85,,2006-09-29,619.96417,,2006-09-29,713.80872,,2006-09-29,115.291,,2006-09-29,164.448,,2006-09-29,3757.73,,2006-09-29,760.54999
2006-08-31,1303.82,,2006-08-31,605.50702,,2006-08-31,696.23749,,2006-08-31,115.022,,2006-08-31,161.735,,2006-08-31,3689.92,,2006-08-31,744.34998
2006-07-31,1276.66,,2006-07-31,587.64722,,2006-07-31,687.68988,,2006-07-31,114.543,,2006-07-31,156.639,,2006-07-31,3621.48,,2006-07-31,728.27002
2006-06-30,1270.2,,2006-06-30,586.68109,,2006-06-30,681.93213,,2006-06-30,114.765,,2006-06-30,156.296,,2006-06-30,3549.69,,2006-06-30,723.14001
2006-05-31,1270.09,,2006-05-31,587.72021,,2006-05-31,680.63287,,2006-05-31,114.512,,2006-05-31,155.028,,2006-05-31,3542.58,,2006-05-31,719.53998
2006-04-28,1310.61,,2006-04-28,609.13239,,2006-04-28,699.32648,,2006-04-28,119.542,,2006-04-28,159.978,,2006-04-28,3578.22,,2006-04-28,731.54999
2006-03-31,1294.83,,2006-03-31,609.94623,,2006-03-31,681.65863,,2006-03-31,117.685,,2006-03-31,158.211,,2006-03-31,3510.36,,2006-03-31,714.95001
2006-02-28,1280.66,,2006-02-28,605.78821,,2006-02-28,671.35242,,2006-02-28,115.357,,2006-02-28,154.471,,2006-02-28,3496.36,,2006-02-28,706.81
2006-01-31,1280.09,,2006-01-31,610.07727,,2006-01-31,665.88599,,2006-01-31,117.476,,2006-01-31,155.663,,2006-01-31,3423.84,,2006-01-31,694.09003
2005-12-30,1248.29,,2005-12-30,596.51868,,2005-12-30,647.55078,,2005-12-30,111.748,,2005-12-30,151.305,,2005-12-30,3403.82,,2005-12-30,682.13
2005-11-30,1249.48,,2005-11-30,598.33661,,2005-11-30,646.80042,,2005-11-30,110.014,,2005-11-30,152.195,,2005-11-30,3404.14,,2005-11-30,679.51001
2005-10-31,1207.01,,2005-10-31,577.40118,,2005-10-31,625.427,,2005-10-31,106.699,,2005-10-31,147.208,,2005-10-31,3345.06,,2005-10-31,659.26001
2005-09-30,1228.81,,2005-09-30,587.07538,,2005-09-30,637.50092,,2005-09-30,110.194,,2005-09-30,150.196,,2005-09-30,3410,,2005-09-30,655.84003
2005-08-31,1220.33,,2005-08-31,584.3811,,2005-08-31,631.64893,,2005-08-31,105.934,,2005-08-31,149.272,,2005-08-31,3419.07,,2005-08-31,658.84003
2005-07-29,1234.18,,2005-07-29,591.90802,,2005-07-29,637.8739,,2005-07-29,104.688,,2005-07-29,151.649,,2005-07-29,3462.58,,2005-07-29,672.15997
2005-06-30,1191.33,,2005-06-30,567.71588,,2005-06-30,619.5553,,2005-06-30,100.243,,2005-06-30,145.907,,2005-06-30,3388.97,,2005-06-30,649.08002
2005-05-31,1191.5,,2005-05-31,575.7431,,2005-05-31,611.30737,,2005-05-31,98.234,,2005-05-31,147.109,,2005-05-31,3397.36,,2005-05-31,655.47998
2005-04-29,1156.85,,2005-04-29,558.88287,,2005-04-29,593.65002,,2005-04-29,95.354,,2005-04-29,142.384,,2005-04-29,3355.07,,2005-04-29,643
2005-03-31,1180.59,,2005-03-31,569.04742,,2005-03-31,607.20178,,2005-03-31,99.216,,2005-03-31,145.856,,2005-03-31,3363.82,,2005-03-31,655.40002
2005-02-28,1203.6,,2005-02-28,579.98761,,2005-02-28,619.17023,,2005-02-28,100.516,,2005-02-28,148.018,,2005-02-28,3388.61,,2005-02-28,658.12
2005-01-31,1181.27,,2005-01-31,567.52753,,2005-01-31,609.49597,,2005-01-31,94.467,,2005-01-31,142.286,,2005-01-31,3370.39,,2005-01-31,648.62
2004-12-31,1211.92,,2004-12-31,582.04077,,2004-12-31,625.5351,,2004-12-31,96.165,,2004-12-31,144.762,,2004-12-31,3426.87,,2004-12-31,657.85999
2004-11-30,1173.82,,2004-11-30,562.73932,,2004-11-30,606.77252,,2004-11-30,94.606,,2004-11-30,138.107,,2004-11-30,3344.08,,2004-11-30,635.84998
2004-10-29,1130.2,,2004-10-29,546.28717,,2004-10-29,579.74707,,2004-10-29,88.848,,2004-10-29,132.183,,2004-10-29,3243.41,,2004-10-29,614.94
2004-09-30,1114.58,,2004-09-30,538.29309,,2004-09-30,572.1925,,2004-09-30,87.343,,2004-09-30,130.695,,2004-09-30,3187.99,,2004-09-30,604.40997
2004-08-31,1104.24,,2004-08-31,537.81848,,2004-08-31,562.34662,,2004-08-31,82.844,,2004-08-31,130.517,,2004-08-31,3181.56,,2004-08-31,599.76001
2004-07-30,1101.72,,2004-07-30,540.25769,,2004-07-30,557.39917,,2004-07-30,85.601,,2004-07-30,129.883,,2004-07-30,3110.98,,2004-07-30,590.13
2004-06-30,1140.84,,2004-06-30,567.36432,,2004-06-30,569.25348,,2004-06-30,92.607,,2004-06-30,136.264,,2004-06-30,3163.05,,2004-06-30,606.15002
2004-05-31,1120.68,,2004-05-31,558.6192,,2004-05-31,557.93958,,2004-05-31,90.163,,2004-05-31,133.194,,2004-05-31,3130.95,,2004-05-31,597.28003
2004-04-30,1107.31,,2004-04-30,550.55713,,2004-04-30,552.63739,,2004-04-30,86.495,,2004-04-30,132.773,,2004-04-30,3079.77,,2004-04-30,588.02002
2004-03-31,1126.21,,2004-03-31,554.29321,,2004-03-31,567.60101,,2004-03-31,91.243,,2004-03-31,131.862,,2004-03-31,3119.22,,2004-03-31,588.81
2004-02-27,1144.94,,2004-02-27,568.29022,,2004-02-27,572.35168,,2004-02-27,89.848,,2004-02-27,133.911,,2004-02-27,3112.07,,2004-02-27,594.84003
2004-01-30,1131.13,,2004-01-30,566.22913,,2004-01-30,560.73749,,2004-01-30,89.299,,2004-01-30,132.034,,2004-01-30,3029.85,,2004-01-30,576.90997
2003-12-31,1111.92,,2003-12-31,555.88568,,2003-12-31,551.92603,,2003-12-31,86.867,,2003-12-31,130.868,,2003-12-31,2996.12,,2003-12-31,569.77002
2003-11-28,1058.2,,2003-11-28,533.82373,,2003-11-28,520.62347,,2003-11-28,82.842,,2003-11-28,123.765,,2003-11-28,2871.68,,2003-11-28,545.56
2003-10-31,1050.71,,2003-10-31,529.90808,,2003-10-31,517.06781,,2003-10-31,81.888,,2003-10-31,120.842,,2003-10-31,2847.17,,2003-10-31,536.76001
2003-09-30,995.97,,2003-09-30,507.68909,,2003-09-30,484.92029,,2003-09-30,77.141,,2003-09-30,115.477,,2003-09-30,2722.7,,2003-09-30,506.25
2003-08-29,1008.01,,2003-08-29,509.95871,,2003-08-29,494.5127,,2003-08-29,78.588,,2003-08-29,115.602,,2003-08-29,2703.92,,2003-08-29,514.52002
2003-07-31,990.31,,2003-07-31,501.8392,,2003-07-31,485.0163,,2003-07-31,78.336,,2003-07-31,114.709,,2003-07-31,2683.37,,2003-07-31,505.48999
2003-06-30,974.5,,2003-06-30,495.70081,,2003-06-30,475.4682,,2003-06-30,77.693,,2003-06-30,114.231,,2003-06-30,2678.75,,2003-06-30,495.42999
2003-05-30,963.59,,2003-05-30,487.53091,,2003-05-30,472.67819,,2003-05-30,76.644,,2003-05-30,112.81,,2003-05-30,2702.16,,2003-05-30,492.14999
2003-04-30,916.92,,2003-04-30,472.6633,,2003-04-30,441.31049,,2003-04-30,73.053,,2003-04-30,105.494,,2003-04-30,2549.52,,2003-04-30,460.09
2003-03-31,848.18,,2003-03-31,443.46552,,2003-03-31,402.17831,,2003-03-31,69.709,,2003-03-31,98.569,,2003-03-31,2422.98,,2003-03-31,430.01001
2003-02-28,841.15,,2003-02-28,435.13589,,2003-02-28,403.3446,,2003-02-28,68.135,,2003-02-28,98.649,,2003-02-28,2415.14,,2003-02-28,426.23999
2003-01-31,855.7,,2003-01-31,437.1459,,2003-01-31,415.65689,,2003-01-31,69.642,,2003-01-31,99.353,,2003-01-31,2455.12,,2003-01-31,437.09
2002-12-31,879.82,,2002-12-31,448.83411,,2002-12-31,427.98489,,2002-12-31,71.228,,2002-12-31,102.187,,2002-12-31,2508.79,,2002-12-31,454.48001
2002-11-29,936.31,,2002-11-29,480.862,,2002-11-29,452.1976,,2002-11-29,71.183,,2002-11-29,107.152,,2002-11-29,2520.35,,2002-11-29,467.89999
2002-10-31,885.76,,2002-10-31,459.09491,,2002-10-31,423.51639,,2002-10-31,73.137,,2002-10-31,102.836,,2002-10-31,2531.27,,2002-10-31,450.29999
2002-09-30,815.28,,2002-09-30,420.59631,,2002-09-30,391.82739,,2002-09-30,72.486,,2002-09-30,93.086,,2002-09-30,2462.77,,2002-09-30,433.76001
2002-08-30,916.07,,2002-08-30,469.8782,,2002-08-30,443.04141,,2002-08-30,79.219,,2002-08-30,103.633,,2002-08-30,2675.03,,2002-08-30,476.70999
2002-07-31,911.62,,2002-07-31,467.36771,,2002-07-31,441.1264,,2002-07-31,77.619,,2002-07-31,103.649,,2002-07-31,2652.15,,2002-07-31,476.5
2002-06-28,989.81,,2002-06-28,491.35101,,2002-06-28,495.3027,,2002-06-28,83.335,,2002-06-28,108.593,,2002-06-28,2827.6,,2002-06-28,508.64999
2002-05-31,1067.14,,2002-05-31,534.89642,,2002-05-31,529.33539,,2002-05-31,89.276,,2002-05-31,116.581,,2002-05-31,2929.54,,2002-05-31,534.29999
2002-04-30,1076.92,,2002-04-30,545.99323,,2002-04-30,528.52802,,2002-04-30,91.276,,2002-04-30,116.969,,2002-04-30,2950.54,,2002-04-30,534.09003
2002-03-29,1147.39,,2002-03-29,588.42548,,2002-03-29,556.99213,,2002-03-29,91.165,,2002-03-29,121.942,,2002-03-29,2960.68,,2002-03-29,538.47998
2002-02-28,1106.73,,2002-02-28,575.19128,,2002-02-28,530.31128,,2002-02-28,87.468,,2002-02-28,118.498,,2002-02-28,2836.51,,2002-02-28,526.06
2002-01-31,1130.21,,2002-01-31,593.31488,,2002-01-31,536.1546,,2002-01-31,86.95,,2002-01-31,118.041,,2002-01-31,2770.25,,2002-01-31,510.13
2001-12-31,1148.08,,2001-12-31,594.6059,,2001-12-31,552.02759,,2001-12-31,85.397,,2001-12-31,119.354,,2001-12-31,2782.41,,2001-12-31,504.23999
2001-11-30,1139.45,,2001-11-30,594.38,,2001-11-30,544.46997,,2001-11-30,83.054,,2001-11-30,118.111,,2001-11-30,2695.34,,2001-11-30,494.20001
2001-10-31,1059.78,,2001-10-31,546.45001,,2001-10-31,513.07001,,2001-10-31,78.818,,2001-10-31,111.686,,2001-10-31,2614.21,,2001-10-31,461.31
2001-09-28,1040.94,,2001-09-28,527.48999,,2001-09-28,513.64001,,2001-09-28,80.303,,2001-09-28,109.414,,2001-09-28,2639.33,,2001-09-28,463.09
2001-08-31,1133.58,,2001-08-31,566,,2001-08-31,568.19,,2001-08-31,84.653,,2001-08-31,115.01,,2001-08-31,2772.83,,2001-08-31,485.79001
2001-07-31,1211.23,,2001-07-31,607.27002,,2001-07-31,604.48999,,2001-07-31,87.304,,2001-07-31,120.05,,2001-07-31,2780.38,,2001-07-31,492.20001
2001-06-29,1224.42,,2001-06-29,609.47998,,2001-06-29,615.65997,,2001-06-29,88.859,,2001-06-29,119.079,,2001-06-29,2795.91,,2001-06-29,474.01001
2001-05-31,1255.82,,2001-05-31,618.08002,,2001-05-31,636.89001,,2001-05-31,92.731,,2001-05-31,120.852,,2001-05-31,2871.79,,2001-05-31,480.07001
2001-04-30,1249.46,,2001-04-30,617.09998,,2001-04-30,631.76001,,2001-04-30,91.616,,2001-04-30,119.166,,2001-04-30,2780.72,,2001-04-30,456.89001
2001-03-30,1160.33,,2001-03-30,566.78003,,2001-03-30,592.27002,,2001-03-30,87.899,,2001-03-30,113.583,,2001-03-30,2645.84,,2001-03-30,443.85999
2001-02-28,1239.94,,2001-02-28,623.41998,,2001-02-28,617.21997,,2001-02-28,96.167,,2001-02-28,118.994,,2001-02-28,2685.29,,2001-02-28,456.29999
2001-01-31,1366.01,,2001-01-31,706.81,,2001-01-31,662.25,,2001-01-31,122.338,,2001-01-31,123.987,,2001-01-31,2618.03,,2001-01-31,453.06
2000-12-29,1320.28,,2000-12-29,687.54999,,2000-12-29,636.15002,,2000-12-29,117.012,,2000-12-29,125.095,,2000-12-29,2740.28,,2000-12-29,455.01001
2000-11-30,1314.95,,2000-11-30,719.09003,,2000-11-30,605.66998,,2000-11-30,121.022,,2000-11-30,122.262,,2000-11-30,2554.62,,2000-11-30,422.48999
2000-10-31,1429.4,,2000-10-31,805.09003,,2000-10-31,639.66998,,2000-10-31,143.272,,2000-10-31,123.001,,2000-10-31,2519.49,,2000-10-31,419.34
2000-09-29,1436.51,,2000-09-29,826.78998,,2000-09-29,628.71002,,2000-09-29,153.197,,2000-09-29,117.441,,2000-09-29,2466.17,,2000-09-29,392.23001
2000-08-31,1517.68,,2000-08-31,916.59998,,2000-08-31,629.54999,,2000-08-31,171.889,,2000-08-31,118.452,,2000-08-31,2397.17,,2000-08-31,395
2000-07-31,1430.83,,2000-07-31,866.90002,,2000-07-31,591.31,,2000-07-31,155.48,,2000-07-31,114.194,,2000-07-31,2239.71,,2000-07-31,385.73001
2000-06-30,1454.6,,2000-06-30,907.67999,,2000-06-30,580.33002,,2000-06-30,155.913,,2000-06-30,117.872,,2000-06-30,2214.46,,2000-06-30,381.14001
2000-05-31,1420.6,,2000-05-31,840.12,,2000-05-31,604.95001,,2000-05-31,144.711,,2000-05-31,110.99,,2000-05-31,2318.01,,2000-05-31,404.41
2000-04-28,1452.43,,2000-04-28,876.32001,,2000-04-28,604.52002,,2000-04-28,156.453,,2000-04-28,109.137,,2000-04-28,2217.75,,2000-04-28,388.03
2000-03-31,1498.58,,2000-03-31,922.40002,,2000-03-31,609.21002,,2000-03-31,164.048,,2000-03-31,108.01,,2000-03-31,2122.83,,2000-03-31,386.14999
2000-02-29,1366.42,,2000-02-29,844.82001,,2000-02-29,552.52002,,2000-02-29,150.341,,2000-02-29,101.163,,2000-02-29,1948.3,,2000-02-29,345.26001
2000-01-31,1394.46,,2000-01-31,827.78003,,2000-01-31,590.63,,2000-01-31,138.975,,2000-01-31,106.441,,2000-01-31,2186.05,,2000-01-31,380.17001
1999-12-31,1469.25,,1999-12-31,887.28998,,1999-12-31,610.60999,,1999-12-31,147.604,,1999-12-31,106.873,,1999-12-31,2270.66,,1999-12-31,413.17001
1999-11-30,1388.91,,1999-11-30,826.56,,1999-11-30,589.42999,,1999-11-30,128.103,,1999-11-30,106.151,,1999-11-30,2313.41,,1999-11-30,418.60001
1999-10-29,1362.93,,1999-10-29,793.19,,1999-10-29,594.03998,,1999-10-29,119.052,,1999-10-29,103.039,,1999-10-29,2446.92,,1999-10-29,423.72
1999-09-30,1282.71,,1999-09-30,742.21002,,1999-09-30,562.85999,,1999-09-30,114.868,,1999-09-30,96.41,,1999-09-30,2352.54,,1999-09-30,400.04001
1999-08-31,1320.41,,1999-08-31,755.79999,,1999-08-31,586.59003,,1999-08-31,114.273,,1999-08-31,102.723,,1999-08-31,2485.18,,1999-08-31,421.34
1999-07-30,1328.72,,1999-07-30,745.91998,,1999-07-30,603.09003,,1999-07-30,113.147,,1999-07-30,101.658,,1999-07-30,2517.61,,1999-07-30,437.44
1999-06-30,1372.71,,1999-06-30,770.90002,,1999-06-30,622.78998,,1999-06-30,116.29,,1999-06-30,104.215,,1999-06-30,2587.99,,1999-06-30,451.45001
1999-05-31,1301.84,,1999-05-31,719.97998,,1999-05-31,600.48999,,1999-05-31,106.951,,1999-05-31,99.773,,1999-05-31,2587.08,,1999-05-31,447.87
1999-04-30,1335.18,,1999-04-30,742.09003,,1999-04-30,612.60999,,1999-04-30,110.942,,1999-04-30,101.763,,1999-04-30,2518.98,,1999-04-30,451.73999
1999-03-31,1286.37,,1999-03-31,743.79999,,1999-03-31,564.65997,,1999-03-31,111.192,,1999-03-31,99.929,,1999-03-31,2326.71,,1999-03-31,423.78
1999-02-26,1238.33,,1999-02-26,710.13,,1999-02-26,548.81,,1999-02-26,104.144,,1999-02-26,98.546,,1999-02-26,2383.5,,1999-02-26,426.29999
1999-01-29,1279.64,,1999-01-29,739.54999,,1999-01-29,562.02002,,1999-01-29,108.843,,1999-01-29,102.617,,1999-01-29,2443.54,,1999-01-29,431.16
1998-12-31,1229.23,,1998-12-31,697.27002,,1998-12-31,551.54999,,1998-12-31,100,,1998-12-31,100,,1998-12-31,2543.28,,1998-12-31,436.63
1998-11-30,1163.63,,1998-11-30,648.63,,1998-11-30,533.59003,,,,,,,,1998-11-30,2513.6,,1998-11-30,425.63
1998-10-30,1098.67,,1998-10-30,608.04999,,1998-10-30,508.16,,,,,,,,1998-10-30,2436.25,,1998-10-30,405.64999
1998-09-30,1017.01,,1998-09-30,561.38,,1998-09-30,471.88,,,,,,,,1998-09-30,2339.97,,1998-09-30,371.70001
1998-08-31,957.28,,1998-08-31,526.85999,,1998-08-31,445.69,,,,,,,,1998-08-31,2223.38,,1998-08-31,358.62
1998-07-31,1120.67,,1998-07-31,606.19,,1998-07-31,532.17999,,,,,,,,1998-07-31,2396.19,,1998-07-31,406.39999
1998-06-30,1133.84,,1998-06-30,607.01001,,1998-06-30,544.65002,,,,,,,,1998-06-30,2512.73,,1998-06-30,417.70001
1998-05-29,1090.82,,1998-05-29,567.21997,,1998-05-29,541.21997,,,,,,,,1998-05-29,2504.66,,1998-05-29,410.97
1998-04-30,1111.75,,1998-04-30,579.34003,,1998-04-30,550.33002,,,,,,,,1998-04-30,2537.35,,1998-04-30,415.76999
1998-03-31,1101.75,,1998-03-31,575,,1998-03-31,544.51001,,,,,,,,1998-03-31,2598.84,,1998-03-31,423.72
1998-02-27,1049.34,,1998-02-27,547.35999,,1998-02-27,518.90002,,,,,,,,1998-02-27,2484.79,,1998-02-27,403.92999
1998-01-30,980.28,,1998-01-30,512.21997,,1998-01-30,483.84,,,,,,,,1998-01-30,2359.45,,1998-01-30,379.45001
1997-12-31,970.43,,1997-12-31,495.95001,,1997-12-31,490.39001,,,,,,,,1997-12-31,2426.84,,1997-12-31,373.75
1997-11-28,955.4,,1997-11-28,490.59,,1997-11-28,480.42999,,,,,,,,1997-11-28,2340.96,,1997-11-28,360.54001
1997-10-31,914.62,,1997-10-31,465.89001,,1997-10-31,463.76001,,,,,,,,1997-10-31,2239.97,,1997-10-31,340.81
1997-09-30,947.28,,1997-09-30,480.69,,1997-09-30,482.19,,,,,,,,1997-09-30,2292.52,,1997-09-30,343.57001
1997-08-29,899.47,,1997-08-29,457.98999,,1997-08-29,456.26999,,,,,,,,1997-08-29,2189.08,,1997-08-29,329.29001
1997-07-31,954.29,,1997-07-31,491.07999,,1997-07-31,478.88,,,,,,,,1997-07-31,2274.52,,1997-07-31,348.82999
1997-06-30,885.14,,1997-06-30,455.57001,,1997-06-30,444.09,,,,,,,,1997-06-30,2155.28,,1997-06-30,331.01001
1997-05-30,848.28,,1997-05-30,434.03,,1997-05-30,428.42999,,,,,,,,1997-05-30,2062.2,,1997-05-30,311.84
1997-04-30,801.34,,1997-04-30,410.26001,,1997-04-30,404.44,,,,,,,,1997-04-30,1953.18,,1997-04-30,292.47
1997-03-31,757.12,,1997-03-31,379.95999,,1997-03-31,390.42999,,,,,,,,1997-03-31,1913.92,,1997-03-31,280.45001
1997-02-28,790.82,,1997-02-28,399.48999,,1997-02-28,404.97,,,,,,,,1997-02-28,1986.91,,1997-02-28,294.70999
1997-01-31,786.16,,1997-01-31,396.67999,,1997-01-31,403.07999,,,,,,,,1997-01-31,1963.15,,1997-01-31,288.37
1996-12-31,740.74,,1996-12-31,368.14999,,1996-12-31,385.87,,,,,,,,1996-12-31,1921.88,,1996-12-31,275.88
1996-11-29,757.02,,1996-11-29,377.59,,1996-11-29,392.88,,,,,,,,1996-11-29,1963.23,,1996-11-29,280.47
1996-10-31,705.27,,1996-10-31,351.81,,1996-10-31,365.98001,,,,,,,,1996-10-31,1865.6,,1996-10-31,260.67001
1996-09-30,687.31,,1996-09-30,344.66,,1996-09-30,354.69,,,,,,,,1996-09-30,1798.54,,1996-09-30,259.57001
1996-08-30,651.99,,1996-08-30,322.91,,1996-08-30,340.82999,,,,,,,,1996-08-30,1740.49,,1996-08-30,247.13
1996-07-31,639.95,,1996-07-31,318.63,,1996-07-31,332.72,,,,,,,,1996-07-31,1713.31,,1996-07-31,244.14
1996-06-28,670.63,,1996-06-28,334.48001,,1996-06-28,348.04999,,,,,,,,1996-06-28,1799.7,,1996-06-28,253.98
1996-05-31,669.12,,1996-05-31,330.85999,,1996-05-31,350.29999,,,,,,,,1996-05-31,1757.09,,1996-05-31,252.58
1996-04-30,654.17,,1996-04-30,319.64001,,1996-04-30,346.51999,,,,,,,,1996-04-30,1741.66,,1996-04-30,245.62
1996-03-29,645.5,,1996-03-29,313.81,,1996-03-29,343.62,,,,,,,,1996-03-29,1743.29,,1996-03-29,241.48
1996-02-29,640.43,,1996-02-29,315.73001,,1996-02-29,336.26001,,,,,,,,1996-02-29,1732,,1996-02-29,238.09
1996-01-31,636.02,,1996-01-31,313.26001,,1996-01-31,334.26999,,,,,,,,1996-01-31,1744.65,,1996-01-31,232.82001
1995-12-29,615.93,,1995-12-29,302.04001,,1995-12-29,325.13,,,,,,,,1995-12-29,1694.99,,1995-12-29,228.21001
1995-11-30,605.37,,1995-11-30,299.23001,,1995-11-30,316.88,,,,,,,,1995-11-30,1644.23,,1995-11-30,221.8
1995-10-31,581.5,,1995-10-31,289.29999,,1995-10-31,302.28,,,,,,,,1995-10-31,1577.73,,1995-10-31,211.00999
1995-09-29,584.41,,1995-09-29,287.25,,1995-09-29,307.67001,,,,,,,,1995-09-29,1565.63,,1995-09-29,211.98
1995-08-31,561.88,,1995-08-31,274.28,,1995-08-31,297.92999,,,,,,,,1995-08-31,1502.05,,1995-08-31,204.62
1995-07-31,562.06,,1995-07-31,275.63,,1995-07-31,296.60999,,,,,,,,1995-07-31,1487.63,,1995-07-31,202.8
1995-06-30,544.75,,1995-06-30,267.32999,,1995-06-30,287.28,,,,,,,,1995-06-30,1452.82,,1995-06-30,198.74001
1995-05-31,533.4,,1995-05-31,257.98999,,,,,,,,,,,1995-05-31,1441.96,,1995-05-31,196.03
1995-04-28,514.71,,1995-04-28,249.55,,,,,,,,,,,1995-04-28,1393.99,,1995-04-28,190.17
1995-03-31,500.71,,1995-03-31,243.42999,,,,,,,,,,,1995-03-31,1373.16,,1995-03-31,187.87
1995-02-28,487.39,,1995-02-28,236.53,,,,,,,,,,,1995-02-28,1351.3,,1995-02-28,182.22
1995-01-31,470.42,,1995-01-31,227.99001,,,,,,,,,,,1995-01-31,1305.13,,1995-01-31,176.59
1994-12-30,459.27,,1994-12-30,222.67,,,,,,,,,,,1994-12-30,1270.75,,1994-12-30,169.52
1994-11-30,453.69,,1994-11-30,219.42,,,,,,,,,,,1994-11-30,1245.73,,1994-11-30,166.13
1994-10-31,472.35,,1994-10-31,227.33,,,,,,,,,,,1994-10-31,1299.77,,1994-10-31,171.53
1994-09-30,462.69,,1994-09-30,222.39,,,,,,,,,,,1994-09-30,1281.57,,1994-09-30,171.46001
1994-08-31,475.49,,1994-08-31,226.10001,,,,,,,,,,,1994-08-31,1325.7,,1994-08-31,173.60001
1994-07-29,458.26,,1994-07-29,215.11,,,,,,,,,,,1994-07-29,1294.97,,1994-07-29,162.8
1994-06-30,444.27,,1994-06-30,208.60001,,,,,,,,,,,1994-06-30,1249.4,,1994-06-30,158.78
1994-05-31,456.5,,1994-05-31,213.71001,,,,,,,,,,,1994-05-31,1278.54,,1994-05-31,159.95
1994-04-29,450.91,,1994-04-29,210.81,,,,,,,,,,,1994-04-29,1294.93,,1994-04-29,157.47
1994-03-31,445.77,,1994-03-31,210.11,,,,,,,,,,,1994-03-31,1277.98,,1994-03-31,156.63
1994-02-28,467.14,,1994-02-28,220.82001,,,,,,,,,,,1994-02-28,1332.51,,1994-02-28,164.73
1994-01-31,481.61,,1994-01-31,225.25999,,,,,,,,,,,1994-01-31,1377.05,,1994-01-31,167.60001
1993-12-31,466.45,,1993-12-31,220.85001,,,,,,,,,,,1993-12-31,1358.1,,1993-12-31,168.02
1993-11-30,461.79,,1993-11-30,219.77,,,,,,,,,,,1993-11-30,1340.27,,1993-11-30,163.97
1993-10-29,467.83,,1993-10-29,220.5,,,,,,,,,,,1993-10-29,1386.07,,1993-10-29,164.7
1993-09-30,458.93,,1993-09-30,212.77,,,,,,,,,,,1993-09-30,1380.3,,1993-09-30,161.58
1993-08-31,463.56,,1993-08-31,216.58,,,,,,,,,,,1993-08-31,1395.07,,1993-08-31,164.46001
1993-07-30,448.13,,1993-07-30,209.48,,,,,,,,,,,1993-07-30,1351.38,,1993-07-30,157.63
1993-06-30,450.53,,1993-06-30,214.03,,,,,,,,,,,1993-06-30,1344.7,,1993-06-30,159.57001
1993-05-31,450.19,,1993-05-31,216.41,,,,,,,,,,,1993-05-31,1324.42,,1993-05-31,161.63
1993-04-30,440.19,,1993-04-30,209.44,,,,,,,,,,,1993-04-30,1320.58,,1993-04-30,157.78999
1993-03-31,451.67,,1993-03-31,219.8,,,,,,,,,,,1993-03-31,1353.61,,1993-03-31,163.39999
1993-02-26,443.38,,1993-02-26,217.28,,,,,,,,,,,1993-02-26,1327.39,,1993-02-26,160.56
1993-01-29,438.78,,1993-01-29,219.45,,,,,,,,,,,1993-01-29,1282.19,,1993-01-29,159.64
1992-12-31,435.71,,1992-12-31,222.08,,,,,,,,,,,1992-12-31,1273.9,,1992-12-31,161.10001
1992-11-30,431.35,,1992-11-30,221.03,,,,,,,,,,,1992-11-30,1239.44,,1992-11-30,160.71001
1992-10-30,418.68,,1992-10-30,212.94,,,,,,,,,,,1992-10-30,1227.97,,1992-10-30,155.39999
1992-09-30,417.8,,,,,,,,,,,,,,1992-09-30,1239.87,,1992-09-30,151.81
1992-08-31,414.03,,,,,,,,,,,,,,1992-08-31,1224,,1992-08-31,148.36
1992-07-31,424.21,,,,,,,,,,,,,,1992-07-31,1238.04,,1992-07-31,151.53999
1992-06-30,408.14,,,,,,,,,,,,,,1992-06-30,1180.99,,1992-06-30,142.85001
1992-05-29,415.35,,,,,,,,,,,,,,1992-05-29,1184.16,,1992-05-29,144.78
1992-04-30,414.95,,,,,,,,,,,,,,1992-04-30,1176.48,,1992-04-30,142.56
1992-03-31,403.69,,,,,,,,,,,,,,1992-03-31,1143.13,,1992-03-31,141.61
1992-02-28,412.7,,,,,,,,,,,,,,1992-02-28,1155.11,,1992-02-28,143.7
1992-01-31,408.79,,,,,,,,,,,,,,1992-01-31,1160.89,,1992-01-31,142.42999
1991-12-31,417.09,,,,,,,,,,,,,,1991-12-31,1214.75,,1991-12-31,146.34
1991-11-29,375.22,,,,,,,,,,,,,,1991-11-29,1120.18,,1991-11-29,127.91
1991-10-31,392.46,,,,,,,,,,,,,,1991-10-31,1150,,1991-10-31,131.27
1991-09-30,387.86,,,,,,,,,,,,,,1991-09-30,1151.69,,1991-09-30,129.34
1991-08-30,395.43,,,,,,,,,,,,,,1991-08-30,1149.12,,1991-08-30,129.49001
1991-07-31,387.81,,,,,,,,,,,,,,1991-07-31,1132.99,,1991-07-31,125.43
1991-06-28,371.16,,,,,,,,,,,,,,1991-06-28,1097.6,,1991-06-28,121.47
1991-05-31,389.83,,,,,,,,,,,,,,1991-05-31,1142.48,,1991-05-31,127.37
1991-04-30,375.35,,,,,,,,,,,,,,1991-04-30,1122.84,,1991-04-30,120.08
1991-03-29,375.22,,,,,,,,,,,,,,1991-03-29,1128.32,,1991-03-29,122.03
1991-02-28,367.07,,,,,,,,,,,,,,1991-02-28,1106.69,,1991-02-28,116.31
1991-01-31,343.93,,,,,,,,,,,,,,1991-01-31,1058.95,,1991-01-31,109.35
1990-12-31,330.22,,,,,,,,,,,,,,1990-12-31,1039.66,,1990-12-31,105.65
1990-11-30,322.22,,,,,,,,,,,,,,1990-11-30,1018.05,,1990-11-30,101.13
1990-10-31,304,,,,,,,,,,,,,,1990-10-31,965.31,,1990-10-31,93.86
1990-09-28,306.05,,,,,,,,,,,,,,1990-09-28,957.88,,1990-09-28,92.37
1990-08-31,322.56,,,,,,,,,,,,,,1990-08-31,1001.22,,1990-08-31,95.6
1990-07-31,356.15,,,,,,,,,,,,,,1990-07-31,1099.49,,1990-07-31,106.8
1990-06-29,358.02,,,,,,,,,,,,,,1990-06-29,1096.09,,1990-06-29,107.63
1990-05-31,361.23,,,,,,,,,,,,,,1990-05-31,1105.63,,1990-05-31,106.57
1990-04-30,330.8,,,,,,,,,,,,,,1990-04-30,1033.67,,1990-04-30,95.73
1990-03-30,339.94,,,,,,,,,,,,,,1990-03-30,1082.01,,1990-03-30,98.71
1990-02-28,331.89,,,,,,,,,,,,,,1990-02-28,1067.13,,1990-02-28,95.14
1990-01-31,329.08,,,,,,,,,,,,,,1990-01-31,1071.48,,1990-01-31,94.7
1989-12-29,353.4,,,,,,,,,,,,,,1989-12-29,1144.36,,1989-12-29,100
1989-11-30,345.99,,,,,,,,,,,,,,1989-11-30,1115.21,,,
1989-10-31,340.36,,,,,,,,,,,,,,1989-10-31,1099.28,,,
1989-09-29,349.15,,,,,,,,,,,,,,1989-09-29,1108.01,,,
1989-08-31,351.45,,,,,,,,,,,,,,1989-08-31,1116.87,,,
1989-07-31,346.08,,,,,,,,,,,,,,1989-07-31,1105.55,,,
1989-06-30,317.98,,,,,,,,,,,,,,1989-06-30,1026.74,,,
1989-05-31,320.52,,,,,,,,,,,,,,1989-05-31,1025.3,,,
1989-04-28,309.64,,,,,,,,,,,,,,1989-04-28,987.69,,,
1989-03-31,294.87,,,,,,,,,,,,,,1989-03-31,947.35,,,
1989-02-28,288.86,,,,,,,,,,,,,,1989-02-28,927.58,,,
1989-01-31,297.47,,,,,,,,,,,,,,1989-01-31,944.38,,,
1988-12-30,277.72,,,,,,,,,,,,,,1988-12-30,896.18,,,
1988-11-30,273.7,,,,,,,,,,,,,,1988-11-30,889.85,,,
1988-10-31,278.97,,,,,,,,,,,,,,1988-10-31,913.6,,,
1988-09-30,271.91,,,,,,,,,,,,,,1988-09-30,885.48,,,
1988-08-31,261.52,,,,,,,,,,,,,,1988-08-31,848.18,,,
1988-07-29,272.02,,,,,,,,,,,,,,1988-07-29,869.84,,,
1988-06-30,273.5,,,,,,,,,,,,,,1988-06-30,867.39,,,
1988-05-31,262.16,,,,,,,,,,,,,,1988-05-31,842.88,,,
1988-04-29,261.33,,,,,,,,,,,,,,1988-04-29,833.53,,,
1988-03-31,258.89,,,,,,,,,,,,,,1988-03-31,841.38,,,
1988-02-29,267.82,,,,,,,,,,,,,,1988-02-29,865.93,,,
1988-01-29,257.07,,,,,,,,,,,,,,1988-01-29,842.49,,,
1987-12-31,247.08,,,,,,,,,,,,,,1987-12-31,788.63,,,
1987-11-30,230.3,,,,,,,,,,,,,,1987-11-30,747.57,,,
1987-10-30,251.79,,,,,,,,,,,,,,1987-10-30,795.75,,,
1987-09-30,321.83,,,,,,,,,,,,,,1987-09-30,967.68,,,
1987-08-31,329.8,,,,,,,,,,,,,,1987-08-31,990.66,,,
1987-07-31,318.66,,,,,,,,,,,,,,1987-07-31,961.32,,,
1987-06-30,304,,,,,,,,,,,,,,1987-06-30,930.45,,,
1987-05-29,290.1,,,,,,,,,,,,,,1987-05-29,886.38,,,
1987-04-30,288.36,,,,,,,,,,,,,,1987-04-30,885.14,,,
1987-03-31,291.7,,,,,,,,,,,,,,1987-03-31,907.66,,,
1987-02-27,284.2,,,,,,,,,,,,,,1987-02-27,919.57,,,
1987-01-30,274.08,,,,,,,,,,,,,,1987-01-30,899.11,,,
1986-12-31,242.17,,,,,,,,,,,,,,1986-12-31,810.75,,,
1986-11-28,249.22,,,,,,,,,,,,,,1986-11-28,834.92,,,
1986-10-31,243.98,,,,,,,,,,,,,,1986-10-31,819.73,,,
1986-09-30,231.32,,,,,,,,,,,,,,1986-09-30,778.15,,,
1986-08-29,252.93,,,,,,,,,,,,,,1986-08-29,845.73,,,
1986-07-31,236.12,,,,,,,,,,,,,,1986-07-31,782.43,,,
1986-06-30,250.84,,,,,,,,,,,,,,1986-06-30,807.19,,,
1986-05-30,247.35,,,,,,,,,,,,,,1986-05-30,789.16,,,
1986-04-30,235.52,,,,,,,,,,,,,,1986-04-30,756.53,,,
1986-03-31,238.9,,,,,,,,,,,,,,1986-03-31,770.78,,,
1986-02-28,226.92,,,,,,,,,,,,,,1986-02-28,721.06,,,
1986-01-31,211.78,,,,,,,,,,,,,,1986-01-31,664.9,,,
1985-12-31,211.28,,,,,,,,,,,,,,1985-12-31,654.25,,,
1985-11-29,202.17,,,,,,,,,,,,,,1985-11-29,623.9,,,
1985-10-31,189.82,,,,,,,,,,,,,,1985-10-31,587.77,,,
1985-09-30,182.08,,,,,,,,,,,,,,1985-09-30,559.21,,,
1985-08-30,188.63,,,,,,,,,,,,,,1985-08-30,577.86,,,
1985-07-31,190.92,,,,,,,,,,,,,,1985-07-31,580.33,,,
1985-06-28,191.85,,,,,,,,,,,,,,1985-06-28,591.3,,,
1985-05-31,189.55,,,,,,,,,,,,,,1985-05-31,577.61,,,
1985-04-30,179.83,,,,,,,,,,,,,,1985-04-30,547.69,,,
1985-03-29,180.66,,,,,,,,,,,,,,1985-03-29,546.68,,,
1985-02-28,181.18,,,,,,,,,,,,,,1985-02-28,529.01,,,
1985-01-31,179.63,,,,,,,,,,,,,,1985-01-31,516.7,,,
1984-12-31,167.24,,,,,,,,,,,,,,1984-12-31,493.27,,,
1984-11-30,163.58,,,,,,,,,,,,,,1984-11-30,482.18,,,
1984-10-31,166.09,,,,,,,,,,,,,,1984-10-31,481.82,,,
1984-09-28,166.1,,,,,,,,,,,,,,1984-09-28,474.19,,,
1984-08-31,166.68,,,,,,,,,,,,,,1984-08-31,471.36,,,
1984-07-31,150.66,,,,,,,,,,,,,,1984-07-31,435.92,,,
1984-06-29,153.18,,,,,,,,,,,,,,1984-06-29,439,,,
1984-05-31,150.55,,,,,,,,,,,,,,1984-05-31,421.43,,,
1984-04-30,160.05,,,,,,,,,,,,,,1984-04-30,436.38,,,
1984-03-30,159.18,,,,,,,,,,,,,,1984-03-30,435.16,,,
1984-02-29,157.06,,,,,,,,,,,,,,1984-02-29,433.17,,,
1984-01-31,163.41,,,,,,,,,,,,,,1984-01-31,452.58,,,
1983-12-30,164.93,,,,,,,,,,,,,,1983-12-30,458.76,,,
1983-11-30,166.4,,,,,,,,,,,,,,1983-11-30,470.39,,,
1983-10-31,163.55,,,,,,,,,,,,,,1983-10-31,465.81,,,
1983-09-30,166.07,,,,,,,,,,,,,,1983-09-30,455.11,,,
1983-08-31,164.4,,,,,,,,,,,,,,1983-08-31,435.09,,,
1983-07-29,162.56,,,,,,,,,,,,,,1983-07-29,433.89,,,
1983-06-30,168.11,,,,,,,,,,,,,,1983-06-30,433.87,,,
1983-05-31,162.39,,,,,,,,,,,,,,1983-05-31,429.14,,,
1983-04-29,164.42,,,,,,,,,,,,,,1983-04-29,428.58,,,
1983-03-31,152.96,,,,,,,,,,,,,,1983-03-31,408.63,,,
1983-02-28,148.06,,,,,,,,,,,,,,1983-02-28,395.8,,,
1983-01-31,145.3,,,,,,,,,,,,,,1983-01-31,385.92,,,
1982-12-31,140.64,,,,,,,,,,,,,,1982-12-31,380.22,,,
1982-11-30,138.54,,,,,,,,,,,,,,1982-11-30,377.42,,,
1982-10-29,133.71,,,,,,,,,,,,,,1982-10-29,365.79,,,
1982-09-30,120.42,,,,,,,,,,,,,,1982-09-30,334.83,,,
1982-08-31,119.51,,,,,,,,,,,,,,1982-08-31,326.02,,,
1982-07-30,107.09,,,,,,,,,,,,,,1982-07-30,296.79,,,
1982-06-30,109.61,,,,,,,,,,,,,,1982-06-30,302.65,,,
1982-05-31,111.88,,,,,,,,,,,,,,1982-05-31,307.55,,,
1982-04-30,116.44,,,,,,,,,,,,,,1982-04-30,319.89,,,
1982-03-31,111.96,,,,,,,,,,,,,,1982-03-31,309.73,,,
1982-02-26,113.11,,,,,,,,,,,,,,1982-02-26,310.45,,,
1982-01-29,120.4,,,,,,,,,,,,,,1982-01-29,314.49,,,
1981-12-31,122.55,,,,,,,,,,,,,,1981-12-31,316.11,,,
1981-11-30,126.35,,,,,,,,,,,,,,1981-11-30,322.98,,,
1981-10-30,121.89,,,,,,,,,,,,,,1981-10-30,309.18,,,
1981-09-30,116.18,,,,,,,,,,,,,,1981-09-30,293.39,,,
1981-08-31,122.79,,,,,,,,,,,,,,1981-08-31,302.52,,,
1981-07-31,130.92,,,,,,,,,,,,,,1981-07-31,315.66,,,
1981-06-30,131.21,,,,,,,,,,,,,,1981-06-30,323.21,,,
1981-05-29,132.59,,,,,,,,,,,,,,1981-05-29,322.14,,,
1981-04-30,132.81,,,,,,,,,,,,,,1981-04-30,317.17,,,
1981-03-31,136,,,,,,,,,,,,,,1981-03-31,311.13,,,
1981-02-27,131.27,,,,,,,,,,,,,,1981-02-27,292.7,,,
1981-01-30,129.55,,,,,,,,,,,,,,1981-01-30,286.33,,,
1980-12-31,135.76,,,,,,,,,,,,,,1980-12-31,285.73,,,
1980-11-28,140.52,,,,,,,,,,,,,,1980-11-28,280.03,,,
1980-10-31,127.47,,,,,,,,,,,,,,1980-10-31,274.21,,,
1980-09-30,125.46,,,,,,,,,,,,,,1980-09-30,275.57,,,
1980-08-29,122.38,,,,,,,,,,,,,,1980-08-29,277.25,,,
1980-07-31,121.67,,,,,,,,,,,,,,1980-07-31,277.03,,,
1980-06-30,114.24,,,,,,,,,,,,,,1980-06-30,263.86,,,
1980-05-30,111.24,,,,,,,,,,,,,,1980-05-30,257.75,,,
1980-04-30,106.29,,,,,,,,,,,,,,1980-04-30,244.99,,,
1980-03-31,102.09,,,,,,,,,,,,,,1980-03-31,228.37,,,
1980-02-29,113.66,,,,,,,,,,,,,,1980-02-29,239.85,,,
1980-01-31,114.16,,,,,,,,,,,,,,1980-01-31,253.13,,,
1979-12-31,107.94,,,,,,,,,,,,,,1979-12-31,248.69,,,
1979-11-30,106.16,,,,,,,,,,,,,,1979-11-30,248.21,,,
1979-10-31,101.82,,,,,,,,,,,,,,1979-10-31,239.91,,,
1979-09-28,109.32,,,,,,,,,,,,,,1979-09-28,259.1,,,
1979-08-31,109.32,,,,,,,,,,,,,,1979-08-31,262.96,,,
1979-07-31,103.81,,,,,,,,,,,,,,1979-07-31,254.54,,,
1979-06-29,102.91,,,,,,,,,,,,,,1979-06-29,251.55,,,
1979-05-31,99.08,,,,,,,,,,,,,,1979-05-31,242.88,,,
1979-04-30,101.76,,,,,,,,,,,,,,1979-04-30,244.56,,,
1979-03-30,101.59,,,,,,,,,,,,,,1979-03-30,246.66,,,
1979-02-28,96.28,,,,,,,,,,,,,,1979-02-28,238.46,,,
1979-01-31,99.93,,,,,,,,,,,,,,1979-01-31,244.89,,,
1978-12-29,96.11,,,,,,,,,,,,,,1978-12-29,233.79,,,
1978-11-30,94.7,,,,,,,,,,,,,,1978-11-30,234.49,,,
1978-10-31,93.15,,,,,,,,,,,,,,1978-10-31,231.75,,,
1978-09-29,102.54,,,,,,,,,,,,,,1978-09-29,250.01,,,
1978-08-31,103.29,,,,,,,,,,,,,,1978-08-31,251.61,,,
1978-07-31,100.68,,,,,,,,,,,,,,1978-07-31,247.09,,,
1978-06-30,95.53,,,,,,,,,,,,,,1978-06-30,238.57,,,
1978-05-31,97.29,,,,,,,,,,,,,,1978-05-31,240.8,,,
1978-04-28,96.83,,,,,,,,,,,,,,1978-04-28,239.64,,,
1978-03-31,89.21,,,,,,,,,,,,,,1978-03-31,227.99,,,
1978-02-28,87.04,,,,,,,,,,,,,,1978-02-28,221.67,,,
1978-01-31,89.25,,,,,,,,,,,,,,1978-01-31,225.25,,,
1977-12-30,95.1,,,,,,,,,,,,,,1977-12-30,239.95,,,
1977-11-30,94.83,,,,,,,,,,,,,,1977-11-30,240.64,,,
1977-10-31,92.34,,,,,,,,,,,,,,1977-10-31,234.62,,,
1977-09-30,96.53,,,,,,,,,,,,,,1977-09-30,244.76,,,
1977-08-31,96.77,,,,,,,,,,,,,,1977-08-31,243.81,,,
1977-07-29,98.85,,,,,,,,,,,,,,1977-07-29,250.25,,,
1977-06-30,100.48,,,,,,,,,,,,,,1977-06-30,251.67,,,
1977-05-31,96.12,,,,,,,,,,,,,,1977-05-31,243.75,,,
1977-04-29,98.44,,,,,,,,,,,,,,1977-04-29,246.19,,,
1977-03-31,98.42,,,,,,,,,,,,,,1977-03-31,243.63,,,
1977-02-28,99.82,,,,,,,,,,,,,,1977-02-28,244.9,,,
1977-01-31,102.03,,,,,,,,,,,,,,1977-01-31,249.96,,,
1976-12-31,107.46,,,,,,,,,,,,,,1976-12-31,256.93,,,
1976-11-30,102.1,,,,,,,,,,,,,,1976-11-30,243.53,,,
1976-10-29,102.9,,,,,,,,,,,,,,1976-10-29,241.7,,,
1976-09-30,105.24,,,,,,,,,,,,,,1976-09-30,245,,,
1976-08-31,102.91,,,,,,,,,,,,,,1976-08-31,238.73,,,
1976-07-30,103.44,,,,,,,,,,,,,,1976-07-30,238.01,,,
1976-06-30,104.28,,,,,,,,,,,,,,1976-06-30,237.66,,,
1976-05-31,100.18,,,,,,,,,,,,,,1976-05-31,231.06,,,
1976-04-30,101.64,,,,,,,,,,,,,,1976-04-30,234.36,,,
1976-03-31,102.77,,,,,,,,,,,,,,1976-03-31,234.05,,,
1976-02-27,99.71,,,,,,,,,,,,,,1976-02-27,231.42,,,
1976-01-30,100.86,,,,,,,,,,,,,,1976-01-30,233.46,,,
1975-12-31,90.19,,,,,,,,,,,,,,1975-12-31,211.33,,,
1975-11-28,91.24,,,,,,,,,,,,,,1975-11-28,211.21,,,
1975-10-31,89.04,,,,,,,,,,,,,,1975-10-31,205.83,,,
1975-09-30,83.87,,,,,,,,,,,,,,1975-09-30,196.57,,,
1975-08-29,86.88,,,,,,,,,,,,,,1975-08-29,201.29,,,
1975-07-31,88.75,,,,,,,,,,,,,,1975-07-31,204.09,,,
1975-06-30,95.19,,,,,,,,,,,,,,1975-06-30,212.6,,,
1975-05-30,91.15,,,,,,,,,,,,,,1975-05-30,202.64,,,
1975-04-30,87.3,,,,,,,,,,,,,,1975-04-30,195.87,,,
1975-03-31,83.36,,,,,,,,,,,,,,1975-03-31,191.38,,,
1975-02-28,81.59,,,,,,,,,,,,,,1975-02-28,188.86,,,
1975-01-31,76.98,,,,,,,,,,,,,,1975-01-31,186.25,,,
1974-12-31,68.56,,,,,,,,,,,,,,1974-12-31,160,,,
1974-11-29,69.97,,,,,,,,,,,,,,1974-11-29,162,,,
1974-10-31,73.9,,,,,,,,,,,,,,1974-10-31,168.49,,,
1974-09-30,63.54,,,,,,,,,,,,,,1974-09-30,149.57,,,
1974-08-30,72.15,,,,,,,,,,,,,,1974-08-30,159.05,,,
1974-07-31,79.31,,,,,,,,,,,,,,1974-07-31,174.63,,,
1974-06-28,86,,,,,,,,,,,,,,1974-06-28,182.22,,,
1974-05-31,87.28,,,,,,,,,,,,,,1974-05-31,187.56,,,
1974-04-30,90.31,,,,,,,,,,,,,,1974-04-30,198.21,,,
1974-03-29,93.98,,,,,,,,,,,,,,1974-03-29,215.97,,,
1974-02-28,96.22,,,,,,,,,,,,,,1974-02-28,222.85,,,
1974-01-31,96.57,,,,,,,,,,,,,,1974-01-31,221.04,,,
1973-12-31,97.55,,,,,,,,,,,,,,1973-12-31,216.07,,,
1973-11-30,95.96,,,,,,,,,,,,,,1973-11-30,210.74,,,
1973-10-31,108.29,,,,,,,,,,,,,,1973-10-31,237.15,,,
1973-09-28,108.43,,,,,,,,,,,,,,1973-09-28,242.12,,,
1973-08-31,104.25,,,,,,,,,,,,,,1973-08-31,228.58,,,
1973-07-31,108.22,,,,,,,,,,,,,,1973-07-31,235.6,,,
1973-06-29,104.26,,,,,,,,,,,,,,1973-06-29,234.32,,,
1973-05-31,104.95,,,,,,,,,,,,,,1973-05-31,240.19,,,
1973-04-30,106.97,,,,,,,,,,,,,,1973-04-30,245.78,,,
1973-03-30,111.52,,,,,,,,,,,,,,1973-03-30,250.86,,,
1973-02-28,111.68,,,,,,,,,,,,,,1973-02-28,255.19,,,
1973-01-31,116.03,,,,,,,,,,,,,,1973-01-31,263.52,,,
1972-12-29,118.05,,,,,,,,,,,,,,1972-12-29,268.17,,,
1972-11-30,116.67,,,,,,,,,,,,,,1972-11-30,270.73,,,
1972-10-31,111.58,,,,,,,,,,,,,,1972-10-31,257.4,,,
1972-09-29,110.55,,,,,,,,,,,,,,1972-09-29,250.76,,,
1972-08-31,111.09,,,,,,,,,,,,,,1972-08-31,252.41,,,
1972-07-31,107.39,,,,,,,,,,,,,,1972-07-31,243.87,,,
1972-06-30,107.14,,,,,,,,,,,,,,1972-06-30,245.11,,,
1972-05-31,109.53,,,,,,,,,,,,,,1972-05-31,248.53,,,
1972-04-28,107.67,,,,,,,,,,,,,,1972-04-28,247.19,,,
1972-03-31,107.2,,,,,,,,,,,,,,1972-03-31,249.04,,,
1972-02-29,106.57,,,,,,,,,,,,,,1972-02-29,249.09,,,
1972-01-31,103.94,,,,,,,,,,,,,,,,,,
1971-12-31,102.09,,,,,,,,,,,,,,,,,,
1971-11-30,93.99,,,,,,,,,,,,,,,,,,
1971-10-29,94.23,,,,,,,,,,,,,,,,,,
1971-09-30,98.34,,,,,,,,,,,,,,,,,,
1971-08-31,99.03,,,,,,,,,,,,,,,,,,
1971-07-30,95.58,,,,,,,,,,,,,,,,,,
1971-06-30,99.7,,,,,,,,,,,,,,,,,,
1971-05-31,99.63,,,,,,,,,,,,,,,,,,
1971-04-30,103.95,,,,,,,,,,,,,,,,,,
1971-03-31,100.31,,,,,,,,,,,,,,,,,,
1971-02-26,96.75,,,,,,,,,,,,,,,,,,
1971-01-29,95.88,,,,,,,,,,,,,,,,,,
1970-12-31,92.15,,,,,,,,,,,,,,,,,,
1970-11-30,87.2,,,,,,,,,,,,,,,,,,
1970-10-30,83.25,,,,,,,,,,,,,,,,,,
1970-09-30,84.21,,,,,,,,,,,,,,,,,,
1970-08-31,81.52,,,,,,,,,,,,,,,,,,
1970-07-31,78.05,,,,,,,,,,,,,,,,,,
1970-06-30,72.72,,,,,,,,,,,,,,,,,,
1970-05-29,76.55,,,,,,,,,,,,,,,,,,
1970-04-30,81.52,,,,,,,,,,,,,,,,,,
1970-03-31,89.63,,,,,,,,,,,,,,,,,,
1970-02-27,89.5,,,,,,,,,,,,,,,,,,
1970-01-30,85.02,,,,,,,,,,,,,,,,,,
1969-12-31,92.06,,,,,,,,,,,,,,,,,,
1969-11-28,93.81,,,,,,,,,,,,,,,,,,
1969-10-31,97.24,,,,,,,,,,,,,,,,,,
1969-09-30,93.12,,,,,,,,,,,,,,,,,,
1969-08-29,95.51,,,,,,,,,,,,,,,,,,
1969-07-31,91.83,,,,,,,,,,,,,,,,,,
1969-06-30,97.71,,,,,,,,,,,,,,,,,,
1969-05-30,103.46,,,,,,,,,,,,,,,,,,
1969-04-30,103.69,,,,,,,,,,,,,,,,,,
1969-03-31,101.51,,,,,,,,,,,,,,,,,,
1969-02-28,98.13,,,,,,,,,,,,,,,,,,
1969-01-31,103.01,,,,,,,,,,,,,,,,,,
1968-12-31,103.86,,,,,,,,,,,,,,,,,,
1968-11-29,108.37,,,,,,,,,,,,,,,,,,
1968-10-31,103.41,,,,,,,,,,,,,,,,,,
1968-09-30,102.67,,,,,,,,,,,,,,,,,,
1968-08-30,98.86,,,,,,,,,,,,,,,,,,
1968-07-31,97.74,,,,,,,,,,,,,,,,,,
1968-06-28,99.58,,,,,,,,,,,,,,,,,,
1968-05-31,98.68,,,,,,,,,,,,,,,,,,
1968-04-30,97.59,,,,,,,,,,,,,,,,,,
1968-03-29,90.2,,,,,,,,,,,,,,,,,,
1968-02-29,89.36,,,,,,,,,,,,,,,,,,
1968-01-31,92.24,,,,,,,,,,,,,,,,,,
1967-12-29,96.47,,,,,,,,,,,,,,,,,,
1967-11-30,94,,,,,,,,,,,,,,,,,,
1967-10-31,93.9,,,,,,,,,,,,,,,,,,
1967-09-29,96.71,,,,,,,,,,,,,,,,,,
1967-08-31,93.64,,,,,,,,,,,,,,,,,,
1967-07-31,94.75,,,,,,,,,,,,,,,,,,
1967-06-30,90.64,,,,,,,,,,,,,,,,,,
1967-05-31,89.08,,,,,,,,,,,,,,,,,,
1967-04-28,94.01,,,,,,,,,,,,,,,,,,
1967-03-31,90.2,,,,,,,,,,,,,,,,,,
1967-02-28,86.78,,,,,,,,,,,,,,,,,,
1967-01-31,86.61,,,,,,,,,,,,,,,,,,
1966-12-30,80.33,,,,,,,,,,,,,,,,,,
1966-11-30,80.45,,,,,,,,,,,,,,,,,,
1966-10-31,80.2,,,,,,,,,,,,,,,,,,
1966-09-30,76.56,,,,,,,,,,,,,,,,,,
1966-08-31,77.1,,,,,,,,,,,,,,,,,,
1966-07-29,83.6,,,,,,,,,,,,,,,,,,
1966-06-30,84.74,,,,,,,,,,,,,,,,,,
1966-05-31,86.13,,,,,,,,,,,,,,,,,,
1966-04-29,91.06,,,,,,,,,,,,,,,,,,
1966-03-31,89.23,,,,,,,,,,,,,,,,,,
1966-02-28,91.22,,,,,,,,,,,,,,,,,,
1966-01-31,92.88,,,,,,,,,,,,,,,,,,
1965-12-31,92.43,,,,,,,,,,,,,,,,,,
1965-11-30,91.61,,,,,,,,,,,,,,,,,,
1965-10-29,92.42,,,,,,,,,,,,,,,,,,
1965-09-30,89.96,,,,,,,,,,,,,,,,,,
1965-08-31,87.17,,,,,,,,,,,,,,,,,,
1965-07-30,85.25,,,,,,,,,,,,,,,,,,
1965-06-30,84.12,,,,,,,,,,,,,,,,,,
1965-05-31,88.42,,,,,,,,,,,,,,,,,,
1965-04-30,89.11,,,,,,,,,,,,,,,,,,
1965-03-31,86.16,,,,,,,,,,,,,,,,,,
1965-02-26,87.43,,,,,,,,,,,,,,,,,,
1965-01-29,87.56,,,,,,,,,,,,,,,,,,
1964-12-31,84.75,,,,,,,,,,,,,,,,,,
1964-11-30,84.42,,,,,,,,,,,,,,,,,,
1964-10-30,84.86,,,,,,,,,,,,,,,,,,
1964-09-30,84.18,,,,,,,,,,,,,,,,,,
1964-08-31,81.83,,,,,,,,,,,,,,,,,,
1964-07-31,83.18,,,,,,,,,,,,,,,,,,
1964-06-30,81.69,,,,,,,,,,,,,,,,,,
1964-05-29,80.37,,,,,,,,,,,,,,,,,,
1964-04-30,79.46,,,,,,,,,,,,,,,,,,
1964-03-31,78.98,,,,,,,,,,,,,,,,,,
1964-02-28,77.8,,,,,,,,,,,,,,,,,,
1964-01-31,77.04,,,,,,,,,,,,,,,,,,
1963-12-31,75.02,,,,,,,,,,,,,,,,,,
1963-11-29,73.23,,,,,,,,,,,,,,,,,,
1963-10-31,74.01,,,,,,,,,,,,,,,,,,
1963-09-30,71.7,,,,,,,,,,,,,,,,,,
1963-08-30,72.5,,,,,,,,,,,,,,,,,,
1963-07-31,69.13,,,,,,,,,,,,,,,,,,
1963-06-28,69.37,,,,,,,,,,,,,,,,,,
1963-05-31,70.8,,,,,,,,,,,,,,,,,,
1963-04-30,69.8,,,,,,,,,,,,,,,,,,
1963-03-29,66.57,,,,,,,,,,,,,,,,,,
1963-02-28,64.29,,,,,,,,,,,,,,,,,,
1963-01-31,66.2,,,,,,,,,,,,,,,,,,
1962-12-31,63.1,,,,,,,,,,,,,,,,,,
1962-11-30,62.26,,,,,,,,,,,,,,,,,,
1962-10-31,56.52,,,,,,,,,,,,,,,,,,
1962-09-28,56.27,,,,,,,,,,,,,,,,,,
1962-08-31,59.12,,,,,,,,,,,,,,,,,,
1962-07-31,58.23,,,,,,,,,,,,,,,,,,
1962-06-29,54.75,,,,,,,,,,,,,,,,,,
1962-05-31,59.63,,,,,,,,,,,,,,,,,,
1962-04-30,65.24,,,,,,,,,,,,,,,,,,
1962-03-30,69.55,,,,,,,,,,,,,,,,,,
1962-02-28,69.96,,,,,,,,,,,,,,,,,,
1962-01-31,68.84,,,,,,,,,,,,,,,,,,
1961-12-29,71.55,,,,,,,,,,,,,,,,,,
1961-11-30,71.32,,,,,,,,,,,,,,,,,,
1961-10-31,68.62,,,,,,,,,,,,,,,,,,
1961-09-29,66.73,,,,,,,,,,,,,,,,,,
1961-08-31,68.07,,,,,,,,,,,,,,,,,,
1961-07-31,66.76,,,,,,,,,,,,,,,,,,
1961-06-30,64.64,,,,,,,,,,,,,,,,,,
1961-05-31,66.56,,,,,,,,,,,,,,,,,,
1961-04-28,65.31,,,,,,,,,,,,,,,,,,
1961-03-31,65.06,,,,,,,,,,,,,,,,,,
1961-02-28,63.44,,,,,,,,,,,,,,,,,,
1961-01-31,61.78,,,,,,,,,,,,,,,,,,
1960-12-30,58.11,,,,,,,,,,,,,,,,,,
1960-11-30,55.54,,,,,,,,,,,,,,,,,,
1960-10-31,53.39,,,,,,,,,,,,,,,,,,
1960-09-30,53.52,,,,,,,,,,,,,,,,,,
1960-08-31,56.96,,,,,,,,,,,,,,,,,,
1960-07-29,55.51,,,,,,,,,,,,,,,,,,
1960-06-30,56.92,,,,,,,,,,,,,,,,,,
1960-05-31,55.83,,,,,,,,,,,,,,,,,,
1960-04-29,54.37,,,,,,,,,,,,,,,,,,
1960-03-31,55.34,,,,,,,,,,,,,,,,,,
1960-02-29,56.12,,,,,,,,,,,,,,,,,,
1960-01-29,55.61,,,,,,,,,,,,,,,,,,
1959-12-31,59.89,,,,,,,,,,,,,,,,,,
1959-11-30,58.28,,,,,,,,,,,,,,,,,,
1959-10-30,57.52,,,,,,,,,,,,,,,,,,
1959-09-30,56.88,,,,,,,,,,,,,,,,,,
1959-08-31,59.6,,,,,,,,,,,,,,,,,,
1959-07-31,60.51,,,,,,,,,,,,,,,,,,
1959-06-30,58.47,,,,,,,,,,,,,,,,,,
1959-05-29,58.68,,,,,,,,,,,,,,,,,,
1959-04-30,57.59,,,,,,,,,,,,,,,,,,
1959-03-31,55.44,,,,,,,,,,,,,,,,,,
1959-02-27,55.41,,,,,,,,,,,,,,,,,,
1959-01-30,55.42,,,,,,,,,,,,,,,,,,
1958-12-31,55.21,,,,,,,,,,,,,,,,,,
1958-11-28,52.48,,,,,,,,,,,,,,,,,,
1958-10-31,51.33,,,,,,,,,,,,,,,,,,
